log_n_flows,log_n_alerts,alert_fraction,prob_mean_alerts,prob_mean_all,critical_fraction,log_duration_mean,log_pkts_per_s_mean,log_bytes_per_s_mean,log_iat_mean_mean,n_flows,n_alerts,ddos_share,label,type,severity,port,source,test_fold,p_escalate_all,p_rule,rule_kappa,p_ca_real,p_ca_aug
6.579251212010101,6.476972362889683,0.9026425591098748,0.9998902560933529,0.9032678780130347,0.9984591679506933,14.360942173422412,2.0001606642240435,6.538094304293619,12.567607491998677,719,649,0.9040333796940194,1,high_ddos,high,80,synthetic,0,1.0,1.0,22,0.983454336695599,0.9970406743768637
6.842683282238422,6.754604099487962,0.9155982905982906,0.9995764564883611,0.915662349738262,0.9976662777129521,14.35555333360393,1.9845237729930956,6.69961662186973,12.574230061573328,936,857,0.9166666666666666,1,high_ddos,high,80,synthetic,0,1.0,1.0,22,0.9886958431081794,0.997901818481357
6.431331081933479,6.411818267709897,0.9806451612903225,0.9998314795329383,0.980503281339801,0.9983552631578947,14.341646392719266,2.0203983286507285,7.039008206419067,12.516810535248958,620,608,0.9806451612903225,1,high_ddos,high,80,synthetic,0,1.0,1.0,22,0.988892153348145,0.9986434157610916
6.693323668269949,6.6240652277998935,0.9330024813895782,0.999720407451721,0.933014677629307,0.9986702127659575,14.408887522787314,1.9310996879669098,6.625191787732619,12.62128695973616,806,752,0.9330024813895782,1,high_ddos,high,80,synthetic,0,1.0,1.0,22,0.9882982248718323,0.9981232812573737
6.418364935936212,6.320768294250582,0.9068627450980392,0.9987427961718929,0.9061958398250036,0.9963963963963964,14.278665674940099,2.067580648176553,6.721787126433917,12.477866517622154,612,555,0.9068627450980392,1,high_ddos,high,80,synthetic,0,1.0,1.0,22,0.9806537869098193,0.9966620714122784
6.842683282238422,6.78105762593618,0.9401709401709402,0.9999676178124818,0.9402092091876376,1.0,14.431727271233692,1.9451491740688793,6.72656335326232,12.618614617371295,936,880,0.9401709401709402,1,high_ddos,high,80,synthetic,0,1.0,1.0,22,0.9906186521909005,0.9984795701120796
6.508769136971682,6.47543271670409,0.9671641791044776,0.999399504635805,0.9675616411919319,0.9953703703703703,14.448712869395328,1.9109920932934543,6.669285640459847,12.664522160947016,670,648,0.9686567164179104,1,high_ddos,high,80,synthetic,0,1.0,1.0,22,0.9887565692406135,0.9985386690882491
6.86484777797086,6.828712071641684,0.9644723092998955,0.9994500539026436,0.9646647506237289,0.9978331527627302,14.521384058770245,1.8517456566851334,6.58056836507192,12.737974032764415,957,923,0.9644723092998955,1,high_ddos,high,80,synthetic,0,1.0,1.0,22,0.9922836842464113,0.9988813845463953
6.591673732008658,6.504288173536645,0.9162087912087912,0.9985262524599078,0.9156841401593244,0.9955022488755623,14.429352778960666,1.906831475062349,6.517079470330757,12.667762017031404,728,667,0.9175824175824175,1,high_ddos,high,80,synthetic,0,1.0,1.0,22,0.9852932028941384,0.9975550428401825
6.660575149839686,6.566672429803241,0.9102564102564102,0.9998652097205041,0.9111648947819907,0.9985915492957746,14.312972988226385,1.977661940366937,6.486532679265126,12.569640971256092,780,710,0.9115384615384615,1,high_ddos,high,80,synthetic,0,1.0,1.0,22,0.9854256342143126,0.9973468915222273
6.4692503167957724,6.437751649736401,0.968944099378882,0.9998348473738401,0.968951619492472,0.9983974358974359,14.471974582020222,1.8589732623256647,6.4892744657962895,12.709800882324492,644,624,0.968944099378882,1,high_ddos,high,80,synthetic,0,1.0,1.0,22,0.9883562117158422,0.9985344775678054
6.848005274576363,6.782192056006791,0.9362380446333688,0.9996318610112324,0.9360064759439523,0.996594778660613,14.327430495319597,1.9982251968301705,6.748822363953676,12.543984357353143,941,881,0.9362380446333688,1,high_ddos,high,80,synthetic,0,1.0,1.0,22,0.9901345407166922,0.9982784975734855
6.313548046277095,6.218600119691729,0.9092558983666061,0.9998782492445376,0.9100933820688555,1.0,14.46847836887397,1.8932958558551316,6.326008734920341,12.72143553092336,551,501,0.911070780399274,1,high_ddos,high,80,synthetic,0,1.0,1.0,22,0.9794037107617021,0.9968969367843287
6.668228248417403,6.618738983517219,0.9516539440203562,0.9997738586230711,0.951501874506534,0.9986631016042781,14.313212135405998,1.9976117258364179,6.722971797151381,12.540542092040672,786,748,0.9516539440203562,1,high_ddos,high,80,synthetic,0,1.0,1.0,22,0.9891792009300938,0.9983318546595618
5.802118375377063,5.697093486505405,0.9,0.999737930217576,0.8999713840770698,0.9966329966329966,14.2702920200294,2.086389966786144,6.926262908061298,12.45616414178948,330,297,0.9,1,high_ddos,high,80,synthetic,0,1.0,1.0,22,0.9624141096751245,0.9948000835772665
6.666956792429207,6.664409020350408,0.9974522292993631,0.9997245163905362,0.9971787312898894,0.9987228607918263,14.359160375392058,2.0045931152384346,6.954424893716578,12.54465315384741,785,783,0.9974522292993631,1,high_ddos,high,80,synthetic,0,1.0,1.0,22,0.9922218365893777,0.9990241053115256
6.887552571664617,6.8658910748834385,0.9785495403472931,0.9995445629624584,0.9781613633043931,0.9979123173277662,14.473741987776952,1.8382004962092926,6.459229154443235,12.727521143148726,979,958,0.9785495403472931,1,high_ddos,high,80,synthetic,0,1.0,1.0,22,0.9929778691020363,0.9989978657235399
6.255750041753367,6.192362489474872,0.9384615384615385,0.9999310027380459,0.9388783297228818,1.0,14.550623650337817,1.8644683939704816,6.602969785647131,12.723553802568304,520,488,0.9384615384615385,1,high_ddos,high,80,synthetic,0,1.0,1.0,22,0.9827047637947782,0.9978466283947534
6.8001700683022,6.784457062637643,0.9843924191750278,0.9993067196784446,0.9837492574413673,0.9966024915062288,14.308751991648283,2.014611886314734,6.862945414964687,12.518744855643273,897,883,0.9843924191750278,1,high_ddos,high,80,synthetic,0,1.0,1.0,22,0.992456958885133,0.9989146851104631
6.650279048587422,6.54534966033442,0.9002590673575129,0.9991789457609328,0.8996419172716454,0.99568345323741,14.278259146304173,2.034903999353031,6.672123820940118,12.491333816195679,772,695,0.9002590673575129,1,high_ddos,high,80,synthetic,0,1.0,1.0,22,0.9841757197551566,0.9969553382433575
5.6937321388027,5.459585514144159,0.7905405405405406,0.9976967669959761,0.7892877802668038,0.9914529914529915,14.21054579650671,2.0462656576403857,5.993545962459339,12.520951811436277,296,234,0.7871621621621622,1,medium_ddos,medium,80,synthetic,0,1.0,1.0,22,0.9065815948651637,0.9780497350491936
5.332718793265369,5.153291594497779,0.8349514563106796,0.9999687754830648,0.8355988321866584,1.0,14.270232345048816,2.059164607847748,6.523859791943209,12.490373803835212,206,172,0.8349514563106796,1,medium_ddos,medium,80,synthetic,0,1.0,1.0,22,0.9065197234374291,0.9853333420631722
4.897839799950911,4.406719247264253,0.6090225563909775,0.9995884851173118,0.6100647760041356,1.0,14.208495714495612,2.2545150191017567,5.937246817668464,12.407234681896762,133,81,0.6090225563909775,1,medium_ddos,medium,80,synthetic,0,1.0,1.0,22,0.5420111217155373,0.7905590979578224
5.278114659230517,4.795790545596741,0.6153846153846154,0.9999658182263375,0.6164307138954088,1.0,13.80857557314547,2.400033184876209,6.460076768653254,12.07670142434096,195,120,0.6153846153846154,1,medium_ddos,medium,80,synthetic,0,1.0,1.0,22,0.6415807525706366,0.8171816194365653
4.663439094112067,4.418840607796598,0.780952380952381,0.999972799202291,0.7810581496759726,1.0,13.723592291258063,2.4566385742379344,6.900291024825813,11.998441292529975,105,82,0.780952380952381,1,medium_ddos,medium,80,synthetic,0,1.0,1.0,22,0.7446970515815037,0.9441756184504627
5.631211781821365,5.236441962829949,0.6726618705035972,0.9999663558873263,0.6733180039361469,1.0,14.207233981728745,2.190314386490173,6.534057153890431,12.362746789862674,278,187,0.6726618705035972,1,medium_ddos,medium,80,synthetic,0,1.0,1.0,22,0.8123686036431894,0.9336141989611263
5.568344503761097,5.170483995038151,0.6704980842911877,0.9979336755616325,0.6698908830186714,0.9942857142857143,14.24068420757459,2.0996161750249365,6.172772826204687,12.498174195860274,261,175,0.6704980842911877,1,medium_ddos,medium,80,synthetic,0,1.0,1.0,22,0.7943665501319088,0.9253659258161594
5.176149732573829,4.969813299576001,0.8125,0.9999749647987473,0.813817123641408,1.0,14.365355597846902,1.9833418731577046,6.00900846017397,12.638204753321405,176,143,0.8125,1,medium_ddos,medium,80,synthetic,0,1.0,1.0,22,0.8731766376050532,0.9790884104788178
5.4510384535657,4.969813299576001,0.6163793103448276,0.9970665732463757,0.6171437618271249,0.993006993006993,14.014735181843454,2.2877873627154877,5.642809337820757,12.300829819746696,232,143,0.6163793103448276,1,medium_ddos,medium,80,synthetic,0,1.0,1.0,22,0.6728246070396742,0.8251762991850206
4.442651256490317,4.330733340286331,0.8928571428571429,0.9999687178929647,0.892908042478912,1.0,14.029434378917033,2.230401586109836,7.392446203599645,12.16538930398644,84,75,0.8928571428571429,1,medium_ddos,medium,80,synthetic,0,1.0,1.0,22,0.848401613086284,0.984846971727446
5.4116460518550396,4.997212273764115,0.6591928251121076,0.9999575886596628,0.6604993490634832,1.0,14.45364780504429,1.928501551823146,5.725152731177348,12.675325571817455,223,147,0.6591928251121076,1,medium_ddos,medium,80,synthetic,0,1.0,1.0,22,0.7568867426366961,0.91799635077315
5.384495062789089,5.081404364984463,0.7373271889400922,0.9999738991260528,0.740380445408618,1.0,14.310990902789946,2.096950526911588,6.234220549717548,12.518321260870021,217,160,0.7373271889400922,1,medium_ddos,medium,80,synthetic,0,1.0,1.0,22,0.8388326797398371,0.9605794370545713
4.653960350157523,4.48863636973214,0.8461538461538461,0.9958627555858005,0.8430726836435587,0.9886363636363636,13.961327907644822,2.289812642588018,6.802762143040043,12.244527589466202,104,88,0.8461538461538461,1,medium_ddos,medium,80,synthetic,0,1.0,1.0,22,0.8212000970730129,0.9728244580997543
4.844187086458591,4.532599493153256,0.7301587301587301,0.9999711157187171,0.7321615251709139,1.0,14.289814869644424,2.0315555882473055,6.22057219102313,12.604417893052299,126,92,0.7301587301587301,1,medium_ddos,medium,80,synthetic,0,1.0,1.0,22,0.7368377561720064,0.9409563443440924
5.3471075307174685,5.030437921392435,0.7272727272727273,0.9999565356656125,0.7283636755069489,1.0,14.289960962642075,2.061871888191575,5.919304359910498,12.518633209498267,209,152,0.7272727272727273,1,medium_ddos,medium,80,synthetic,0,1.0,1.0,22,0.8173652594874272,0.9517505587307432
5.645446897643238,5.332718793265369,0.7304964539007093,0.9985962264167453,0.7310659594702584,0.9951456310679612,14.32356119637466,2.0650541558739643,6.081948046418821,12.520462371243521,282,206,0.7304964539007093,1,medium_ddos,medium,80,synthetic,0,1.0,1.0,22,0.8645433863652241,0.9622550066167743
5.4510384535657,5.181783550292085,0.7629310344827587,0.9999649214879268,0.7634836244898212,1.0,14.042106064898231,2.2700205015529606,6.538709792743228,12.260447335550452,232,177,0.7629310344827587,1,medium_ddos,medium,80,synthetic,0,1.0,1.0,22,0.8631079642105662,0.9658525598144284
3.9512437185814275,3.7612001156935624,0.8235294117647058,0.9999738207885197,0.8235211593504325,1.0,14.439492947161716,1.887336918522505,6.434846500520419,12.59416662656506,51,42,0.8235294117647058,1,medium_ddos,medium,80,synthetic,0,1.0,1.0,22,0.6802179993427822,0.9634290945574173
5.389071729816501,5.1647859739235145,0.7981651376146789,0.9992212522989032,0.7982452177979386,0.9942528735632183,14.4434994516649,1.9219822554097319,6.041730298565029,12.680531625850934,218,174,0.7981651376146789,1,medium_ddos,medium,80,synthetic,0,1.0,1.0,22,0.8884325913034854,0.9797188508888944
4.07753744390572,3.6109179126442243,0.6206896551724138,0.9999759164121416,0.6224245607387896,1.0,14.173372396431146,2.164535631859805,6.155574369663368,12.44943394784804,58,36,0.6206896551724138,1,medium_ddos,medium,80,synthetic,0,1.0,1.0,22,0.35674769521243144,0.7253554347788999
1.9459101490553132,1.9459101490553132,1.0,0.9999732176462809,0.9999732176462809,1.0,15.436892267923072,1.0352570107064,4.818419522744199,13.814896658982725,6,6,1.0,1,lowrate_ddos,low,80,synthetic,0,1.0,0.0,22,0.48002276139908245,0.9859616989912371
3.8918202981106265,3.6375861597263857,0.7708333333333334,0.9999676797841046,0.7711643698001751,1.0,13.926801251995395,2.3262721767762957,6.169739305326736,12.273419851508736,48,37,0.7708333333333334,1,lowrate_ddos,low,80,synthetic,0,1.0,1.0,22,0.5390046390543937,0.9011640675363236
1.9459101490553132,1.6094379124341003,0.6666666666666666,0.9999859929084778,0.6666657602637921,1.0,14.6914967882906,2.201694551926944,8.38959218867428,12.134026820668607,6,4,0.6666666666666666,1,lowrate_ddos,low,80,synthetic,0,1.0,0.0,22,0.09703712234029323,0.6673802607961733
2.995732273553991,2.9444389791664403,0.9473684210526315,0.9999672538704343,0.9479852825109112,1.0,14.395262181339797,2.0462254028189966,7.409155461030042,12.47637778180673,19,18,0.9473684210526315,1,lowrate_ddos,low,80,synthetic,0,1.0,0.0,22,0.6533194710278287,0.9824471377229236
3.784189633918261,3.7612001156935624,0.9767441860465116,0.9999638739086333,0.9767194607905599,1.0,14.369518063224248,1.86649744591202,6.001469160659212,12.700194020792239,43,42,0.9767441860465116,1,lowrate_ddos,low,80,synthetic,0,1.0,1.0,22,0.823191704971598,0.990211284325305
2.5649493574615367,2.3978952727983707,0.8333333333333334,0.9999383866786957,0.833550759794889,1.0,14.278968921107326,1.8203900818420244,4.738624108372623,12.817912284471676,12,10,0.8333333333333334,1,lowrate_ddos,low,80,synthetic,0,1.0,0.0,22,0.2971740397352317,0.8840388068786466
2.9444389791664403,2.6390573296152584,0.7222222222222222,0.9999786982169518,0.7222299722408884,1.0,15.087140082053915,1.4334377369533875,4.7031054324215695,13.360363039759791,18,13,0.7222222222222222,1,lowrate_ddos,low,80,synthetic,0,1.0,0.0,22,0.2697209804452362,0.8467373748706633
3.6888794541139363,3.1354942159291497,0.5641025641025641,0.9999810728159818,0.5646712621092388,1.0,13.53671567663508,2.7186233932438633,6.221960595032992,11.860415352284141,39,22,0.5641025641025641,1,lowrate_ddos,low,80,synthetic,0,1.0,1.0,22,0.16857090693340226,0.3932038752337275
3.713572066704308,3.2188758248682006,0.6,0.9999690254529318,0.6007603265780744,1.0,15.284384089145988,1.4462569297927061,5.854049187276135,13.241942984508938,40,24,0.6,1,lowrate_ddos,low,80,synthetic,0,1.0,1.0,22,0.29941793975621706,0.7835731076488751
3.784189633918261,3.367295829986474,0.6511627906976745,0.999974229506084,0.6553094867100953,1.0,13.810698862682504,2.525362688841164,6.098738682436348,11.992514314730723,43,28,0.6511627906976745,1,lowrate_ddos,low,80,synthetic,0,1.0,1.0,22,0.30410930758093746,0.6764818828887679
3.4339872044851463,3.1354942159291497,0.7333333333333333,0.9999749037352476,0.7337790547212902,1.0,15.599967301862668,1.3874353171433393,6.04579279545282,13.448964418801914,30,22,0.7333333333333333,1,lowrate_ddos,low,80,synthetic,0,1.0,1.0,22,0.4619428766808172,0.9383169452636453
3.871201010907891,3.4339872044851463,0.6382978723404256,0.9999739448229472,0.6385773832853507,1.0,14.358856702378437,2.1243632588112225,5.5153603722053415,12.550478586683692,47,30,0.6382978723404256,1,lowrate_ddos,low,80,synthetic,0,1.0,1.0,22,0.3246240581040743,0.7255224135539388
3.58351893845611,3.5553480614894135,0.9714285714285714,0.9999690231154946,0.9713984848688098,1.0,14.56613735563469,1.7436040911378279,6.1269646370302855,12.814881106275358,35,34,0.9714285714285714,1,lowrate_ddos,low,80,synthetic,0,1.0,1.0,22,0.7949530429699541,0.9900470868976825
2.9444389791664403,2.9444389791664403,1.0,0.9999754329522451,0.9999754329522451,1.0,13.771807664636919,2.4636795363752295,8.752180689258275,11.855648357270566,18,18,1.0,1,lowrate_ddos,low,80,synthetic,0,1.0,0.0,22,0.7095163542115849,0.9868294604111346
3.6109179126442243,3.295836866004329,0.7222222222222222,0.9999778087322528,0.7239509802420988,1.0,14.213298331474123,2.1378012008304355,6.4108595940849415,12.364919522517225,36,26,0.7222222222222222,1,lowrate_ddos,low,80,synthetic,0,1.0,1.0,22,0.40936713759649584,0.855913295888215
3.6109179126442243,3.6109179126442243,1.0,0.9999390525950326,0.9999390525950326,1.0,13.947153339106151,2.2210447059695073,6.599799003568634,12.256953459056254,36,36,1.0,1,lowrate_ddos,low,80,synthetic,0,1.0,1.0,22,0.8079526851382458,0.988986629484533
3.4965075614664802,3.4339872044851463,0.9375,0.9999768455823262,0.9379053373995703,1.0,14.322470568939359,1.8298674153653227,6.921081920916973,12.57079219857859,32,30,0.9375,1,lowrate_ddos,low,80,synthetic,0,1.0,1.0,22,0.7447759710222323,0.9852811717348323
2.5649493574615367,2.302585092994046,0.75,0.9999772972530789,0.7500504588236557,1.0,15.034160445339408,1.7059033414510443,6.79811910905947,13.004942408808901,12,9,0.75,1,lowrate_ddos,low,80,synthetic,0,1.0,0.0,22,0.26276722768552535,0.8863388528687653
3.871201010907891,3.7376696182833684,0.8723404255319149,0.9999645773957415,0.8740951776158289,1.0,14.334083486610467,1.9098870677852997,6.324848318927562,12.557474792615515,47,41,0.8723404255319149,1,lowrate_ddos,low,80,synthetic,0,1.0,1.0,22,0.724155978475034,0.974445062957459
2.772588722239781,2.1972245773362196,0.5333333333333333,0.9999743849039078,0.5338777069602638,1.0,15.096340201740466,1.4827868098986037,5.757561334295368,13.137914177374654,15,8,0.5333333333333333,1,lowrate_ddos,low,80,synthetic,0,1.0,0.0,22,0.08655330350988338,0.4559017399776118
6.7357800142423265,3.6635616461296463,0.04518430439952437,0.9992790614303789,0.055862702279982274,1.0,14.335825482000812,2.7931522069649417,6.851884401671739,11.677016603765686,841,38,0.039239001189060645,0,benign_burst,low,443,synthetic,0,1.0,1.0,22,0.07251527176223206,0.014372722583790583
5.783825182329737,1.791759469228055,0.015432098765432098,0.9999698638916016,0.015475463918416307,1.0,8.834578191123102,6.36967024168691,10.556496615199789,7.8755360613154854,324,5,0.015432098765432098,0,benign_burst,low,53,synthetic,0,1.0,0.0,22,0.004860392655184219,0.00011532582889643922
6.680854678790215,3.4965075614664802,0.04020100502512563,0.9997783713042736,0.047516519827770214,1.0,14.13606471614628,2.87944354427083,6.8280226767109795,11.56119324014178,796,32,0.035175879396984924,0,benign_burst,low,443,synthetic,0,1.0,1.0,22,0.059803710370309945,0.010671281680623253
6.39024066706535,0.6931471805599453,0.0016806722689075631,0.9995167255401611,0.0017249705658152668,1.0,8.96479994945796,6.175721637216858,10.363374315685926,8.09773927089268,595,1,0.0016806722689075631,0,benign_burst,low,53,synthetic,0,1.0,0.0,22,0.0037719414272615595,6.745613814343071e-05
6.6240652277998935,2.772588722239781,0.0199468085106383,0.9730052868525187,0.024282209784553605,0.9333333333333333,13.413195858718199,2.807439584585278,4.207308198883115,11.836843081791256,752,15,0.018617021276595744,0,benign_burst,low,80,synthetic,0,1.0,0.0,22,0.021666088312308013,0.0015737698717403208
5.840641657373398,2.9444389791664403,0.052478134110787174,0.9998758170339797,0.058149327277447274,1.0,14.501584003112095,2.607757475152099,6.562231000854339,11.869408478507735,343,18,0.04956268221574344,0,benign_burst,low,443,synthetic,0,1.0,0.0,22,0.03342996942003016,0.009977714274840978
6.656726524178391,3.295836866004329,0.03346203346203346,0.9807433394285349,0.043154861788740735,0.9230769230769231,14.444323370469244,2.694112735635482,6.854013227342243,11.76909035983279,777,26,0.02445302445302445,0,benign_burst,low,443,synthetic,0,1.0,1.0,22,0.04942732086280467,0.0073793406949111025
5.7430031878094825,2.772588722239781,0.04823151125401929,0.9999805291493734,0.054887453213106126,1.0,14.295728205329306,2.65660966265278,6.566800967642747,11.805601372574198,311,15,0.04823151125401929,0,benign_burst,low,443,synthetic,0,1.0,0.0,22,0.02744093661580662,0.007727959709438774
6.025865973825314,2.9444389791664403,0.043583535108958835,0.9991831580797831,0.053684361109213846,1.0,14.243094491483715,2.9026905444786144,6.9351554004283384,11.587753872948195,413,18,0.0387409200968523,0,benign_burst,low,443,synthetic,0,1.0,0.0,22,0.0338630737223286,0.008097222424501921
6.760414691083428,3.367295829986474,0.03248259860788863,0.9999779462814331,0.03252039454573821,1.0,8.842686379458026,6.3409158126876255,10.559863513446182,7.952723530923328,862,28,0.03248259860788863,0,benign_burst,low,53,synthetic,0,1.0,1.0,22,0.020704269563205292,0.00037648018307369916
6.755768921984255,3.8501476017100584,0.053613053613053616,0.9962956101998038,0.06194985611326438,0.9565217391304348,14.508445222626186,2.674051858595441,6.771848882872778,11.829444150767868,858,46,0.047785547785547784,0,benign_burst,low,443,synthetic,0,1.0,1.0,22,0.0816548152313076,0.015863842032530946
6.736966958001855,2.833213344056216,0.019002375296912115,0.9999824911355972,0.023098954158818748,1.0,13.561749045772272,2.678201062614288,4.391339617514618,11.952192299161918,842,16,0.019002375296912115,0,benign_burst,low,80,synthetic,0,1.0,0.0,22,0.029044443490055236,0.0030640885599643054
5.846438775057725,1.9459101490553132,0.017391304347826087,0.9999847014745077,0.017434306421717442,1.0,8.896946943776145,6.304533841295262,10.478066898422586,7.9813980632653045,345,6,0.017391304347826087,0,benign_burst,low,53,synthetic,0,1.0,0.0,22,0.005595563127206418,0.00013532549739778878
6.688354713946762,2.3978952727983707,0.012468827930174564,0.9176744520664215,0.01803776609483561,0.8,14.03700319079538,3.0184575959816096,6.840147515713419,11.468085359750704,802,10,0.0012468827930174563,0,benign_burst,low,443,synthetic,0,1.0,0.0,22,0.01890885754746154,0.0010130196682796243
6.2878585601617845,1.0986122886681098,0.0037243947858473,0.999964714050293,0.0037647102226332466,1.0,8.739533152250289,6.435466096509808,10.56882773683903,7.889924943414999,537,2,0.0037243947858473,0,benign_burst,low,53,synthetic,0,1.0,0.0,22,0.004180756320155113,7.161484732681998e-05
6.755768921984255,2.772588722239781,0.017482517482517484,0.9999863386154175,0.017528245260875625,1.0,9.021008298556477,6.138815521567912,10.369492251153842,8.138569253611694,858,15,0.017482517482517484,0,benign_burst,low,53,synthetic,0,1.0,0.0,22,0.014669590149441065,0.00026856814204007535
6.78105762593618,2.6390573296152584,0.014772727272727272,0.9766545204015878,0.018132081743438264,0.9230769230769231,13.327191097297137,2.837013956009523,4.318953375445374,11.785845865484488,880,13,0.014772727272727272,0,benign_burst,low,80,synthetic,0,1.0,0.0,22,0.021164033582251607,0.0013544919591185094
6.597145701886651,2.6390573296152584,0.017759562841530054,0.9994732554142292,0.027071966330477856,1.0,14.432254405374767,2.6392465877499123,6.499633836895048,11.821415296810589,732,13,0.01639344262295082,0,benign_burst,low,443,synthetic,0,1.0,0.0,22,0.03516495998712978,0.0064357415213100715
6.45833828334479,3.4011973816621555,0.04552590266875981,0.986037278997487,0.047864189814015155,0.9655172413793104,13.934661276942036,2.4338842165216685,4.289958628683531,12.230548610364284,637,29,0.04395604395604396,0,benign_burst,low,80,synthetic,0,1.0,1.0,22,0.03885787362762915,0.005266676902759285
5.968707559985366,2.772588722239781,0.038461538461538464,0.9822768290837606,0.03781646462821489,0.9333333333333333,8.906595327205455,6.340501648811616,10.530753193328858,7.96171330599666,390,15,0.035897435897435895,0,benign_burst,low,53,synthetic,0,1.0,0.0,22,0.009096415154604487,0.00017794629606999063
4.61512051684126,2.3978952727983707,0.1,0.9999761700630188,0.10181793900248452,1.0,14.228518662143847,2.2132062316971246,4.887043622836963,12.450313877840523,100,10,0.1,0,ambiguous_mixed,low,80,synthetic,0,1.0,0.0,22,0.01474526854426453,0.00733682846324419
5.241747015059643,3.8066624897703196,0.23404255319148937,0.9999772391536019,0.23641668826290443,1.0,13.823517888883718,2.4935964841122544,4.64490924421506,12.163702083472819,188,44,0.23404255319148937,0,ambiguous_mixed,low,80,synthetic,0,1.0,1.0,22,0.07833009085819297,0.04171996815982878
5.556828061699537,4.23410650459726,0.26356589147286824,0.991392879801638,0.26382854301534275,0.9705882352941176,13.719128752397621,2.5111363606777095,4.995073197083752,12.024388507184767,258,68,0.2596899224806202,0,ambiguous_mixed,low,80,synthetic,0,1.0,1.0,22,0.12555038447121022,0.05953887482673017
5.66988092298052,4.718498871295094,0.38408304498269896,0.9999752039307946,0.3860477307821359,1.0,13.530485177398432,2.6531685520700616,5.235034283990381,11.923682784443434,289,111,0.38408304498269896,0,ambiguous_mixed,low,80,synthetic,0,1.0,1.0,22,0.29667505826427304,0.22752399731416253
3.8501476017100584,3.044522437723423,0.43478260869565216,0.9999449372291564,0.442319474241965,1.0,13.599510562559823,2.9212421620895905,7.265159830464897,11.464895009254253,46,20,0.43478260869565216,0,ambiguous_mixed,low,443,synthetic,0,1.0,0.0,22,0.09654876216612258,0.17748552272443405
5.521460917862246,4.3694478524670215,0.3132530120481928,0.9998287283457242,0.31774281933737414,1.0,14.66715098093813,2.311468512634502,6.334932520471597,12.25298682527771,249,78,0.3132530120481928,0,ambiguous_mixed,low,443,synthetic,0,1.0,1.0,22,0.23393140801671616,0.23447088529719096
5.4680601411351315,3.258096538021482,0.1059322033898305,0.9999533867835999,0.10801576803523073,1.0,14.185161563777926,2.3287146022030036,4.800665217881279,12.353659095488242,236,25,0.1059322033898305,0,ambiguous_mixed,low,80,synthetic,0,1.0,1.0,22,0.036086228316485953,0.012674964540415239
4.564348191467836,3.4965075614664802,0.3368421052631579,0.9999770075082779,0.3390382875260641,1.0,14.473413137502487,2.4775973284058237,7.041473664978218,11.98061005739633,95,32,0.3368421052631579,0,ambiguous_mixed,low,443,synthetic,0,1.0,1.0,22,0.11705296951682942,0.16840326560419383
4.143134726391533,2.772588722239781,0.24193548387096775,0.9852294047673543,0.2456064230461597,0.9333333333333333,14.941058793658142,1.9575170327388987,6.502099024310958,12.539333820796559,62,15,0.22580645161290322,0,ambiguous_mixed,low,443,synthetic,0,1.0,0.0,22,0.03910944912197423,0.048162559989045804
4.5217885770490405,3.6888794541139363,0.42857142857142855,0.9897557099660238,0.42464154824563677,0.9743589743589743,13.98809678989092,2.4544497284583775,5.465531470994141,12.19851190948029,91,39,0.4175824175824176,0,ambiguous_mixed,low,80,synthetic,0,1.0,1.0,22,0.15428478641140386,0.20494277460740748
5.575949103146316,4.727387818712341,0.42585551330798477,0.9969366517450128,0.4286911522264862,0.9910714285714286,13.963675625098507,2.6962319556326904,6.54282901155226,11.823135261996478,263,112,0.4220532319391635,0,ambiguous_mixed,low,443,synthetic,0,1.0,1.0,22,0.3843365570440497,0.3964329542885466
3.970291913552122,2.6390573296152584,0.25,0.9998003015151391,0.2504228606777745,1.0,14.190457824058619,2.6121072485346355,6.891136340043923,11.807227813361978,52,13,0.23076923076923078,0,ambiguous_mixed,low,443,synthetic,0,1.0,0.0,22,0.031922992967801926,0.0382789369718243
4.605170185988092,3.4339872044851463,0.30303030303030304,0.9999822656313578,0.31288379651076653,1.0,14.143781216826488,2.675303996932073,7.547912987271885,11.7395525001929,99,30,0.30303030303030304,0,ambiguous_mixed,low,443,synthetic,0,1.0,1.0,22,0.09637870841817056,0.11485774694259471
4.976733742420574,3.1354942159291497,0.1527777777777778,0.9999734813516791,0.15456128299571842,1.0,12.958422821246822,3.056885665850131,4.833045820266524,11.431974389276967,144,22,0.1527777777777778,0,ambiguous_mixed,low,80,synthetic,0,1.0,1.0,22,0.024660975111853334,0.0069395278389733596
5.365976015021851,3.332204510175204,0.1267605633802817,0.9999045906243501,0.13412364900451906,1.0,14.678624242136417,2.3260397300879996,6.230836666615668,12.180785179600225,213,27,0.12206572769953052,0,ambiguous_mixed,low,443,synthetic,0,1.0,1.0,22,0.050332006685474544,0.027018194506031216
4.897839799950911,3.828641396489095,0.3383458646616541,0.9996976057688395,0.3401013614785022,1.0,14.3210422406382,2.5784431626932074,7.0806420039993565,11.854682980514886,133,45,0.3308270676691729,0,ambiguous_mixed,low,443,synthetic,0,1.0,1.0,22,0.15501913058349187,0.18666610439258147
5.707110264748875,4.564348191467836,0.31666666666666665,0.9999659444156446,0.3216190559814427,1.0,13.819954664464552,2.4991103966262633,5.118597986290931,12.157820733346801,300,95,0.31666666666666665,0,ambiguous_mixed,low,80,synthetic,0,1.0,1.0,22,0.22206228479856727,0.14883546824145705
5.003946305945459,3.871201010907891,0.31756756756756754,0.9999758081233248,0.3251476279329892,1.0,14.228969051978403,2.583349555121953,6.864774017060402,11.854392946274137,148,47,0.31756756756756754,0,ambiguous_mixed,low,443,synthetic,0,1.0,1.0,22,0.14683217775999274,0.15542087744312064
5.327876168789581,4.276666119016055,0.3463414634146341,0.9999606080458198,0.3481874619624777,1.0,14.294136339228263,2.094216463088861,4.850130076560191,12.541825164581276,205,71,0.3463414634146341,0,ambiguous_mixed,low,80,synthetic,0,1.0,1.0,22,0.20928823587559583,0.20700492656612032
3.044522437723423,1.6094379124341003,0.2,0.9999796748161316,0.22534048086805852,1.0,14.025399444415072,2.62653077214246,6.336769356133786,11.897203557160783,20,4,0.2,0,ambiguous_mixed,low,443,synthetic,0,1.0,0.0,22,0.008463867393733521,0.01156789190617534
6.6240652277998935,6.616065185132817,0.9920212765957447,0.9999384515726535,0.9919950740563503,1.0,14.556864105754961,1.9259358236275135,6.782931854580521,12.710010010962025,752,746,0.9933510638297872,1,high_ddos,high,80,synthetic,1,1.0,1.0,39,0.9932394567673457,0.9984813340107875
6.304448802421981,6.2878585601617845,0.9835164835164835,0.9999060939366147,0.9835195674627424,1.0,14.472991308563529,1.9335293757773029,6.429137486686105,12.712097477814378,546,537,0.9853479853479854,1,high_ddos,high,80,synthetic,1,1.0,1.0,39,0.9896697034308568,0.9978806594429095
6.530877627725885,6.51025834052315,0.9795620437956204,0.9998272649399748,0.9794003827225829,0.9985096870342772,14.599979715944778,1.8861174557843883,6.299837095981639,12.811130039807837,685,671,0.9795620437956204,1,high_ddos,high,80,synthetic,1,1.0,1.0,39,0.9917770246855827,0.9981331205264019
5.783825182329737,5.713732805509369,0.9320987654320988,0.999942476386266,0.9320684914664026,1.0,14.43048328591201,1.975907801936268,6.398153811455968,12.676708242135472,324,302,0.9320987654320988,1,high_ddos,high,80,synthetic,1,1.0,1.0,39,0.974983777307246,0.9952526197001318
5.908082938168931,5.886104031450156,0.9782016348773842,0.999710804406647,0.9779334243524463,0.9972144846796658,14.290657818765263,2.0538087967292418,6.595536826774825,12.522978827519426,367,359,0.9809264305177112,1,high_ddos,high,80,synthetic,1,1.0,1.0,39,0.983102268271549,0.9968973292091432
5.983936280687191,5.926926025970411,0.9444444444444444,0.9999442296550873,0.9443991818499415,1.0,14.618352722548073,1.872965440815647,6.3684609148232,12.796723527758349,396,374,0.9444444444444444,1,high_ddos,high,80,synthetic,1,1.0,1.0,39,0.9819696349275228,0.9966319616277891
6.0473721790462776,6.003887067106539,0.957345971563981,0.9999304365108509,0.9572972656338162,1.0,14.43856026584814,2.0078259535694474,6.8570015698396976,12.598366070903012,422,404,0.957345971563981,1,high_ddos,high,80,synthetic,1,1.0,1.0,39,0.9841360138744865,0.9969148129449398
6.364750756851911,6.309918278226516,0.946551724137931,0.9999383297122892,0.9465111340608273,1.0,14.413604889584889,2.019714765732178,6.624857670409184,12.61240854305396,580,549,0.946551724137931,1,high_ddos,high,80,synthetic,1,1.0,1.0,39,0.9875357331240042,0.9969231744397612
6.452048954437226,6.408528791059498,0.957345971563981,0.9997998688480642,0.957283118733524,0.9983498349834984,14.430831067042936,2.0067501560290895,6.62852333300922,12.620566218413202,633,606,0.9589257503949447,1,high_ddos,high,80,synthetic,1,1.0,1.0,39,0.989403354948907,0.9973625446824467
6.642486801367256,6.610696044717759,0.9686684073107049,0.9999282058037194,0.9689413066880785,1.0,14.641272938111134,1.877062307972831,6.542241251400433,12.80391762432313,766,742,0.9699738903394256,1,high_ddos,high,80,synthetic,1,1.0,1.0,39,0.9923507913014987,0.9981580976500347
5.908082938168931,5.8377304471659395,0.9318801089918256,0.99978604180771,0.9319540208704205,0.9970760233918129,14.56954275509641,1.8851266412249787,6.387116433657089,12.773078741923406,367,342,0.9346049046321526,1,high_ddos,high,80,synthetic,1,1.0,1.0,39,0.9786135855207834,0.995888009341645
6.376726947898627,6.297109319933935,0.9233390119250426,0.9999260008335114,0.9232951751256947,1.0,14.440023466240396,1.9962923787592646,6.408106821333439,12.647451488668182,587,542,0.9233390119250426,1,high_ddos,high,80,synthetic,1,1.0,1.0,39,0.9856158478680724,0.9961113024917544
6.371611847231857,6.352629396319567,0.9811643835616438,0.9992859826454109,0.9804825236605325,0.9965095986038395,14.542326644424401,1.8612652963336973,6.374689107191369,12.774869787838112,584,573,0.9811643835616438,1,high_ddos,high,80,synthetic,1,1.0,1.0,39,0.9903184037379048,0.9979599032232637
6.530877627725885,6.505784060128229,0.9751824817518249,0.9992119171126874,0.9744266305680794,0.9970059880239521,14.616647052340346,1.883210679560926,6.641407626709385,12.777826754939547,685,668,0.9751824817518249,1,high_ddos,high,80,synthetic,1,1.0,1.0,39,0.9916895493390055,0.9981279065661401
6.68586094706836,6.646390514847729,0.96125,0.9999285319381634,0.9614820089660736,1.0,14.3106025512432,2.0599154706660907,6.540980100904224,12.539588162596342,800,769,0.9625,1,high_ddos,high,80,synthetic,1,1.0,1.0,39,0.9916592941593756,0.997545912301694
5.8664680569332965,5.82600010738045,0.9602272727272727,0.9996450730329435,0.9598938010178055,0.9970414201183432,14.718175662078922,1.812276342785254,6.421408287758253,12.878506776180727,352,338,0.9602272727272727,1,high_ddos,high,80,synthetic,1,1.0,1.0,39,0.9820270003554279,0.9971355020632975
5.963579343618446,5.950642552587727,0.9871134020618557,0.9999278600159887,0.9870437416494275,1.0,14.278852092333032,2.1151193673651667,6.9787090816311546,12.459749341276531,388,383,0.9871134020618557,1,high_ddos,high,80,synthetic,1,1.0,1.0,39,0.9851898780012243,0.9973458737653291
6.900730664045173,6.855408798609928,0.9556451612903226,0.9997895273855467,0.9557595798041708,0.9978902953586498,14.478347494650196,1.9319846374104106,6.323910577735123,12.72045258180037,992,948,0.9566532258064516,1,high_ddos,high,80,synthetic,1,1.0,1.0,39,0.9933102291719351,0.9978748758967312
6.693323668269949,6.677083461247136,0.9838709677419355,0.9999463840811731,0.9841137968774916,1.0,14.523568995187446,1.9177892647075763,6.583643967852508,12.734085212831381,806,793,0.9851116625310173,1,high_ddos,high,80,synthetic,1,1.0,1.0,39,0.9932804298890968,0.9983509715818577
6.159095388491933,6.102558594613569,0.9449152542372882,0.9999340239394406,0.9448609925649901,1.0,14.488620450766513,1.9799732675138206,6.4981393420559925,12.678691051391077,472,446,0.9449152542372882,1,high_ddos,high,80,synthetic,1,1.0,1.0,39,0.984562831973634,0.9966524799341919
5.680172609017068,5.204006687076795,0.6198630136986302,0.9999185053024503,0.6202012170954523,1.0,14.055469789895783,2.217367019059919,5.5428458479827665,12.37789650120839,292,181,0.6198630136986302,1,medium_ddos,medium,80,synthetic,1,1.0,1.0,39,0.7887685423092429,0.8513146218678019
5.393627546352362,4.912654885736052,0.6164383561643836,0.9998752783845972,0.6164750669906434,1.0,14.154548672049025,2.1622565685840547,5.383345350746617,12.445574827461593,219,135,0.6164383561643836,1,medium_ddos,medium,80,synthetic,1,1.0,1.0,39,0.7319550676238102,0.8333007566883391
5.43372200355424,5.003946305945459,0.6491228070175439,0.9999525317469159,0.6492432960757047,1.0,13.931094836600998,2.3281831929922605,5.672708564089479,12.271308793473617,228,148,0.6491228070175439,1,medium_ddos,medium,80,synthetic,1,1.0,1.0,39,0.7733907511862835,0.8627036838658937
4.59511985013459,4.1588830833596715,0.6428571428571429,0.9998987298163157,0.6432512258366334,1.0,13.61064561058306,2.57491388214521,6.260955622691055,11.917644755363417,98,63,0.6530612244897959,1,medium_ddos,medium,80,synthetic,1,1.0,1.0,39,0.5611776308540408,0.7661439747535199
5.488937726156687,5.159055299214529,0.7178423236514523,0.9999353403300908,0.7178969647666548,1.0,13.886776554507216,2.331602420303369,6.000472351029825,12.20271853158009,241,173,0.7178423236514523,1,medium_ddos,medium,80,synthetic,1,1.0,1.0,39,0.8531713144401951,0.9296913356936052
4.672828834461906,4.564348191467836,0.8962264150943396,0.9999557551584746,0.8962125887617625,1.0,14.640378766757225,1.8572050982409407,6.506246027605941,12.79787750336226,106,95,0.8962264150943396,1,medium_ddos,medium,80,synthetic,1,1.0,1.0,39,0.9101238251583978,0.9900175898422993
5.424950017481403,4.962844630259907,0.6283185840707964,0.999946374708498,0.6284259628905768,1.0,13.861649493152072,2.336955690182381,5.553832189280392,12.256986577459546,226,142,0.6283185840707964,1,medium_ddos,medium,80,synthetic,1,1.0,1.0,39,0.7423712793256507,0.827825175401464
5.19295685089021,5.075173815233827,0.888268156424581,0.9999234623879006,0.8882620086368986,1.0,14.158524422706929,2.1800840348080732,6.499225629116296,12.417037727398764,179,159,0.888268156424581,1,medium_ddos,medium,80,synthetic,1,1.0,1.0,39,0.9358735732446842,0.9880459512461213
4.812184355372417,4.59511985013459,0.8032786885245902,0.9999551079711135,0.8032831705856375,1.0,14.16597878620459,2.203438332576652,6.206050692514914,12.403520386513891,122,98,0.8032786885245902,1,medium_ddos,medium,80,synthetic,1,1.0,1.0,39,0.8450101839376106,0.9652543793790695
4.343805421853684,3.9889840465642745,0.6973684210526315,0.9999689853416299,0.6974925619236627,1.0,13.584692144071553,2.5610345348931216,5.857925455021859,12.04443263942772,76,53,0.6973684210526315,1,medium_ddos,medium,80,synthetic,1,1.0,1.0,39,0.5817083433111221,0.82750556793866
5.247024072160486,4.8283137373023015,0.656084656084656,0.9998941411895137,0.6561343452414943,1.0,13.805200128645028,2.3854629192398686,5.51516739266199,12.215009906678711,189,124,0.656084656084656,1,medium_ddos,medium,80,synthetic,1,1.0,1.0,39,0.7388350256722053,0.8472144183037978
5.3230099791384085,5.198497031265826,0.8823529411764706,0.9999589396847619,0.8823384925775933,1.0,14.36462549980547,2.058103847385883,6.262901712477621,12.600037640986976,204,180,0.8823529411764706,1,medium_ddos,medium,80,synthetic,1,1.0,1.0,39,0.9436139964882071,0.9893903654955988
4.532599493153256,4.394449154672439,0.8695652173913043,0.9999605134129524,0.8695490500976666,1.0,14.629328738070527,1.8364703608793156,6.069836142576836,12.776961303150125,92,80,0.8695652173913043,1,medium_ddos,medium,80,synthetic,1,1.0,1.0,39,0.8766885609220063,0.9850910638381464
5.159055299214529,4.6913478822291435,0.6242774566473989,0.9998907739365542,0.6244805925565512,1.0,13.791230635467937,2.4096455802554937,5.5218049352201,12.184584449033721,173,108,0.6242774566473989,1,medium_ddos,medium,80,synthetic,1,1.0,1.0,39,0.6737664175080273,0.7906479951164992
5.241747015059643,4.804021044733257,0.6436170212765957,0.9999644628241042,0.6437762674282843,1.0,13.67077622005241,2.4793075674887026,5.687965083749071,12.08726504250594,188,121,0.6436170212765957,1,medium_ddos,medium,80,synthetic,1,1.0,1.0,39,0.7158783893080815,0.8185855141010594
4.927253685157205,4.7535901911063645,0.8394160583941606,0.9999635323234226,0.8394167468180559,1.0,13.899713902945113,2.3364165958807477,6.544440996810831,12.185978812705903,137,115,0.8394160583941606,1,medium_ddos,medium,80,synthetic,1,1.0,1.0,39,0.8821601888306206,0.9736830048505403
4.30406509320417,3.9512437185814275,0.6986301369863014,0.9999173178392298,0.6987761180896032,1.0,13.854949911554392,2.338822864569988,5.890077285920053,12.210637618332793,73,51,0.6986301369863014,1,medium_ddos,medium,80,synthetic,1,1.0,1.0,39,0.5920930321605536,0.8546648075315321
5.634789603169249,5.476463551931511,0.8530465949820788,0.9998567615236554,0.8529695940246735,1.0,14.297888881410422,2.05393917452904,5.665254530423459,12.652809250943283,279,238,0.8530465949820788,1,medium_ddos,medium,80,synthetic,1,1.0,1.0,39,0.9482512705939968,0.9864341946736576
5.293304824724492,4.912654885736052,0.6818181818181818,0.9999341748378895,0.6823089581968248,1.0,14.1021001402568,2.2323256715555555,5.958885327589122,12.373485510209049,198,135,0.6818181818181818,1,medium_ddos,medium,80,synthetic,1,1.0,1.0,39,0.796185865442139,0.9057847995728773
5.53338948872752,5.420534999272286,0.8928571428571429,0.9999478493796454,0.8928327556441651,1.0,14.281890340943837,2.0528536986864485,6.060309414910152,12.580256372351407,252,225,0.8928571428571429,1,medium_ddos,medium,80,synthetic,1,1.0,1.0,39,0.9561907250090496,0.9907837704938238
3.713572066704308,3.6635616461296463,0.95,0.9999603080122095,0.9499627687313705,1.0,15.078163600425999,1.4835501235051822,6.114814864083006,13.205392371869982,40,38,0.95,1,lowrate_ddos,low,80,synthetic,1,1.0,0.0,39,0.8534154652188921,0.993008122624387
2.995732273553991,2.772588722239781,0.7894736842105263,0.9999478896458943,0.7894963198128895,1.0,14.56819738195565,1.953757996565594,6.738417711619746,12.685736953302841,19,15,0.7894736842105263,1,lowrate_ddos,low,80,synthetic,1,1.0,0.0,39,0.45909563885476395,0.9347944604151611
3.8066624897703196,3.258096538021482,0.5681818181818182,0.9999619507789612,0.5682464846139471,1.0,14.446680649375162,1.919074393017683,4.706447719884311,12.756636929450723,44,25,0.5681818181818182,1,lowrate_ddos,low,80,synthetic,1,1.0,0.0,39,0.2794176370290131,0.6166014028823358
3.7612001156935624,3.6109179126442243,0.8571428571428571,0.9999674459298452,0.857250651009205,1.0,14.045139629657285,2.2779981935431173,6.503026289948254,12.400003503635167,42,36,0.8571428571428571,1,lowrate_ddos,low,80,synthetic,1,1.0,0.0,39,0.7195636513538783,0.965088414818471
2.0794415416798357,1.791759469228055,0.7142857142857143,0.9993848443031311,0.7139110491469702,1.0,12.896305668862697,3.151502874417527,6.477245489388381,11.244868434094354,7,5,0.7142857142857143,1,lowrate_ddos,low,80,synthetic,1,1.0,0.0,39,0.10868672982068579,0.5318310254664569
3.4965075614664802,3.295836866004329,0.8125,0.9999678685114934,0.8125021746545826,1.0,14.20678666616016,2.108576327866159,6.212162846433303,12.50688477748761,32,26,0.8125,1,lowrate_ddos,low,80,synthetic,1,1.0,0.0,39,0.5984540034721219,0.9444042537250482
2.8903717578961645,2.6390573296152584,0.7647058823529411,0.9999693173628587,0.7646985630787512,1.0,14.536797596863124,1.9135348376818688,6.55279650055855,12.60847155221132,17,13,0.7647058823529411,1,lowrate_ddos,low,80,synthetic,1,1.0,0.0,39,0.387936429155579,0.9105304777303087
2.995732273553991,2.70805020110221,0.7368421052631579,0.9999380494867053,0.7368578957535934,1.0,14.834378325046272,1.7076624192147307,5.87256222359312,13.058053040006252,19,14,0.7368421052631579,1,lowrate_ddos,low,80,synthetic,1,1.0,0.0,39,0.3825427510696287,0.9044700286765609
3.8066624897703196,3.4011973816621555,0.6590909090909091,0.9999587042578335,0.6591143737893863,1.0,13.867253953895233,2.2295632626457453,5.615224954733107,12.250097171007916,44,29,0.6590909090909091,1,lowrate_ddos,low,80,synthetic,1,1.0,0.0,39,0.39741832447562186,0.7556908957460801
3.1354942159291497,2.6390573296152584,0.5909090909090909,0.9999609543726995,0.5910223893374884,1.0,13.369288665872398,2.6329557186503756,3.8944397959882533,12.099429591493788,22,13,0.5909090909090909,1,lowrate_ddos,low,80,synthetic,1,1.0,0.0,39,0.1392826084537239,0.37472085894437673
3.1354942159291497,3.091042453358316,0.9545454545454546,0.999959667523702,0.9545070317338916,1.0,14.91831045830614,1.4305715775619634,5.782895595814375,13.140101185308081,22,21,0.9545454545454546,1,lowrate_ddos,low,80,synthetic,1,1.0,0.0,39,0.7579671052894005,0.9900869689652699
2.0794415416798357,1.6094379124341003,0.5714285714285714,0.9999810755252838,0.5714183853390686,1.0,15.325161978822154,1.5341137149116244,5.365928838201801,12.994928628674964,7,4,0.5714285714285714,1,lowrate_ddos,low,80,synthetic,1,1.0,0.0,39,0.07657201211439492,0.5747293244602877
3.6888794541139363,3.295836866004329,0.6666666666666666,0.999854530279453,0.6668869845716108,1.0,13.225345438548684,2.929844277986463,5.792608418491216,11.633264500336075,39,26,0.6666666666666666,1,lowrate_ddos,low,80,synthetic,1,1.0,0.0,39,0.3334856577210815,0.643969833248571
3.6635616461296463,3.367295829986474,0.7368421052631579,0.9999603629112244,0.7370776980605366,1.0,14.545280264508225,1.9114246860451696,6.052922985553722,12.776564150998809,38,28,0.7368421052631579,1,lowrate_ddos,low,80,synthetic,1,1.0,0.0,39,0.5375285659611552,0.914986516139565
3.5553480614894135,3.5263605246161616,0.9705882352941176,0.9998961091041565,0.9704951583073981,1.0,15.31015764030742,1.367995467336202,5.415399872504725,13.495182675449204,34,33,0.9705882352941176,1,lowrate_ddos,low,80,synthetic,1,1.0,0.0,39,0.851432812676391,0.9942308590701819
3.2188758248682006,2.9444389791664403,0.75,0.9999639292558035,0.7499991872839283,1.0,14.50410252954793,1.9997698874977878,5.936981722063194,12.659464582972666,24,18,0.75,1,lowrate_ddos,low,80,synthetic,1,1.0,0.0,39,0.43454516999399145,0.9006863260110841
3.5263605246161616,3.4339872044851463,0.9090909090909091,0.9999695142110189,0.9090679936854223,1.0,14.54124837813313,1.7578551714272008,6.376490832558389,12.72601199083393,33,30,0.9090909090909091,1,lowrate_ddos,low,80,synthetic,1,1.0,0.0,39,0.764549337632023,0.9839439326355112
3.828641396489095,3.4339872044851463,0.6666666666666666,0.9998555401961009,0.6666616063406764,1.0,14.06107669505422,2.2041778248811776,5.435128580375657,12.478177680460728,45,30,0.6666666666666666,1,lowrate_ddos,low,80,synthetic,1,1.0,0.0,39,0.42316350488707266,0.7879971286828185
3.091042453358316,2.8903717578961645,0.8095238095238095,0.9997823273434359,0.8093676506638249,1.0,14.754853168421917,1.5848143888998674,4.584339778591566,13.174972620487733,21,17,0.8095238095238095,1,lowrate_ddos,low,80,synthetic,1,1.0,0.0,39,0.5065325534533878,0.9449672198277653
3.6635616461296463,3.332204510175204,0.7105263157894737,0.999944183561537,0.7106101840976117,1.0,14.210546793168566,2.0522122009748958,5.132361465862712,12.630811659792203,38,27,0.7105263157894737,1,lowrate_ddos,low,80,synthetic,1,1.0,0.0,39,0.4601496924039983,0.8534680821451818
6.732210706467206,3.7612001156935624,0.050119331742243436,0.9999449650446574,0.05016993131168576,1.0,7.677543757855479,7.5390662386358045,11.742885256328222,6.6801027046621195,838,42,0.050119331742243436,0,benign_burst,low,53,synthetic,1,1.0,1.0,39,0.022971958532811605,0.00018411201694810286
6.338594078203183,2.995732273553991,0.033628318584070796,0.9999512308522275,0.03367910340768549,1.0,7.718540813708524,7.50927405058357,11.69587106100749,6.701382962364531,565,19,0.033628318584070796,0,benign_burst,low,53,synthetic,1,1.0,0.0,39,0.011539753708901916,0.00010913691927620345
6.040254711277414,2.8903717578961645,0.0405727923627685,0.9999826725791482,0.04062355743176158,1.0,7.769179109771724,7.438005770653715,11.627341600030105,6.766219851937031,419,17,0.0405727923627685,0,benign_burst,low,53,synthetic,1,1.0,0.0,39,0.009883415563812998,0.00011608084455547852
6.5337888379333435,3.5553480614894135,0.049490538573508006,0.9999443783479578,0.049540960990959844,1.0,7.85301854119264,7.358130221647473,11.556047283285913,6.867361388743566,687,34,0.049490538573508006,0,benign_burst,low,53,synthetic,1,1.0,0.0,39,0.01944258226640833,0.00018816990413193595
6.637258031284457,2.1972245773362196,0.010498687664041995,0.8739161044359207,0.016348448217866504,0.25,14.506841746910306,2.5488134495524752,6.177268469126551,12.038223966506061,762,8,0.0,0,benign_burst,low,443,synthetic,1,1.0,0.0,39,0.00872381760475062,5.245671301024171e-05
6.1779441140506,2.9444389791664403,0.037422037422037424,0.9998029238647885,0.03781044520578268,1.0,12.79389958283746,3.1281551096618054,4.222035718734151,11.364445014840507,481,18,0.037422037422037424,0,benign_burst,low,80,synthetic,1,1.0,0.0,39,0.028824930797715552,0.0022706787642590934
6.841615476477592,3.5263605246161616,0.03529411764705882,0.9441044457031019,0.04153964613858946,0.696969696969697,14.163735050539726,2.7305284761560427,6.245123009380437,11.818298215385697,935,33,0.0213903743315508,0,benign_burst,low,443,synthetic,1,1.0,0.0,39,0.04567685622984351,0.0014230864681627259
5.840641657373398,2.1972245773362196,0.023323615160349854,0.9995652064681053,0.02336969350670544,1.0,7.585135894123321,7.5732596020447005,11.748447393381037,6.659140851868867,343,8,0.023323615160349854,0,benign_burst,low,53,synthetic,1,1.0,0.0,39,0.005389143771511198,6.135729946920264e-05
6.79346613258001,2.0794415416798357,0.007856341189674524,0.9999709810529437,0.008368659740525048,1.0,12.683992242153128,3.1447505227578345,3.9665601740185608,11.32151767157004,891,7,0.007856341189674524,0,benign_burst,low,80,synthetic,1,1.0,0.0,39,0.020786746210286793,0.0009788605664555992
6.274762021241939,2.9444389791664403,0.033962264150943396,0.9086261921458774,0.036734349124006145,0.5555555555555556,14.07771000106234,2.874952315550082,6.426463192422795,11.666851150320351,530,18,0.011320754716981131,0,benign_burst,low,443,synthetic,1,1.0,0.0,39,0.01824221028404408,0.00037585735856883907
6.300785794663244,2.995732273553991,0.034926470588235295,0.9997932754064861,0.0354020255736531,1.0,12.637681042671437,3.152476729562459,4.063429058171858,11.30743758614649,544,19,0.034926470588235295,0,benign_burst,low,80,synthetic,1,1.0,0.0,39,0.029972716842805804,0.002047136361794466
6.3818160174060985,2.5649493574615367,0.020338983050847456,0.9998509387175242,0.020818967035907708,1.0,7.638671238857143,7.529246556477052,11.71549210179642,6.707515936019646,590,12,0.022033898305084745,0,benign_burst,low,53,synthetic,1,1.0,0.0,39,0.008662982679934948,7.439237060395334e-05
5.726847747587197,2.772588722239781,0.049019607843137254,0.9651200493176778,0.05372251939954741,0.8666666666666667,14.236584901730192,2.603025953516658,6.209381363324012,11.954697328151061,306,15,0.03594771241830065,0,benign_burst,low,443,synthetic,1,1.0,0.0,39,0.026122774053752358,0.003107548631801864
6.490723534502507,3.295836866004329,0.03951367781155015,0.9999558558830848,0.03956151339655246,1.0,7.944877033091552,7.228462916633225,11.44381657305929,7.019037443419463,658,26,0.03951367781155015,0,benign_burst,low,53,synthetic,1,1.0,0.0,39,0.016204654327297504,0.00016334459835224945
5.75890177387728,2.70805020110221,0.04430379746835443,0.936899904693876,0.048385482370678974,0.6428571428571429,14.74385982703762,2.361332912130261,6.066730573961531,12.271580247472142,316,14,0.028481012658227847,0,benign_burst,low,443,synthetic,1,1.0,0.0,39,0.018870192774757856,0.0011293267173410782
6.280395838960195,1.9459101490553132,0.01125703564727955,0.9999657869338989,0.01130888866716139,1.0,7.4982809664871874,7.643954059978565,11.85350356796782,6.560604056246558,533,6,0.01125703564727955,0,benign_burst,low,53,synthetic,1,1.0,0.0,39,0.005454571532702489,4.49380644222062e-05
6.8001700683022,2.4849066497880004,0.012263099219620958,0.8469462990760803,0.021099497335049372,0.2727272727272727,14.384210791320527,2.60008793464466,6.151230195300543,11.978388124406804,897,11,0.0,0,benign_burst,low,443,synthetic,1,1.0,0.0,39,0.010563284106079986,5.0978589828760465e-05
6.794586580876499,2.6390573296152584,0.014573991031390135,0.9999630267803485,0.015134860452961875,1.0,12.624239008842823,3.1819525949998915,3.8754111580655266,11.315715773459276,892,13,0.014573991031390135,0,benign_burst,low,80,synthetic,1,1.0,0.0,39,0.028236462480045858,0.0013289975773508702
6.82001636467413,3.9318256327243257,0.0546448087431694,0.966558210849762,0.06136813012704119,0.82,14.423765105969755,2.5439317864070246,6.086340216259631,12.053136296170445,915,50,0.04480874316939891,0,benign_burst,low,443,synthetic,1,1.0,1.0,39,0.081218587328411,0.005288284188955604
6.501289670540389,2.3978952727983707,0.015037593984962405,0.9999655723571778,0.015091082886666005,1.0,7.383003719083991,7.772913184475437,11.962207555587861,6.421011937722752,665,10,0.015037593984962405,0,benign_burst,low,53,synthetic,1,1.0,0.0,39,0.007659408475571425,5.33878380682335e-05
4.465908118654584,2.8903717578961645,0.19767441860465115,0.9878617490039152,0.20149971066707692,0.9411764705882353,14.383021419779327,2.449238930120271,6.686362274123249,12.039638027590899,86,17,0.18604651162790697,0,ambiguous_mixed,low,443,synthetic,1,1.0,0.0,39,0.04304293206160968,0.02760586922223826
5.0106352940962555,4.02535169073515,0.3691275167785235,0.9962291424924677,0.3725168308478729,0.9818181818181818,14.84419171347352,2.054216039554429,6.36704789709832,12.554941789323056,149,55,0.3624161073825503,0,ambiguous_mixed,low,443,synthetic,1,1.0,1.0,39,0.27059973320244757,0.3149449424612667
5.278114659230517,3.4657359027997265,0.15897435897435896,0.9999653331695064,0.15988043655676154,1.0,12.807585320833226,3.182155404956765,4.49644826432271,11.321626209950493,195,31,0.15897435897435896,0,ambiguous_mixed,low,80,synthetic,1,1.0,0.0,39,0.048042715259632045,0.009758918185200366
4.919980925828125,3.912023005428146,0.3602941176470588,0.9999540800950966,0.36057048680951426,1.0,13.451523948091221,2.6395816128979184,4.312466157991639,11.988974257628666,136,49,0.3602941176470588,0,ambiguous_mixed,low,80,synthetic,1,1.0,1.0,39,0.1742695100974964,0.12153696362466916
5.3981627015177525,3.5553480614894135,0.15454545454545454,0.9801012558095595,0.16058036621921576,0.8823529411764706,13.991624596554754,2.7325154685466435,6.319297415426507,11.817685434536175,220,34,0.1318181818181818,0,ambiguous_mixed,low,443,synthetic,1,1.0,0.0,39,0.06069406846402175,0.013364040468148444
5.241747015059643,3.8066624897703196,0.23404255319148937,0.9998903437094255,0.23451858238198522,1.0,13.077248525968953,2.905069271063695,4.289763785701167,11.65531420597302,188,44,0.23404255319148937,0,ambiguous_mixed,low,80,synthetic,1,1.0,1.0,39,0.0910833099274867,0.028782277480364646
5.093750200806762,4.143134726391533,0.38271604938271603,0.9959043975799314,0.3826838260027661,0.9838709677419355,14.810470225182748,2.1987370623835623,6.562141233885224,12.418368124073485,162,62,0.3765432098765432,0,ambiguous_mixed,low,443,synthetic,1,1.0,1.0,39,0.3028077532888989,0.3419375651500862
5.659482215759621,4.564348191467836,0.3321678321678322,0.998833241588191,0.3361962863485632,0.9789473684210527,14.523870445493253,2.304165902710789,6.483679947730665,12.258212680922771,286,95,0.32867132867132864,0,ambiguous_mixed,low,443,synthetic,1,1.0,1.0,39,0.3390555733979372,0.25240004631927876
5.123963979403259,3.2188758248682006,0.1437125748502994,0.9999768535296122,0.14452216543848456,1.0,12.396164593377613,3.313549144074081,4.14850759373917,11.183463831278846,167,24,0.1437125748502994,0,ambiguous_mixed,low,80,synthetic,1,1.0,0.0,39,0.032623558160401425,0.005649245108829094
5.0369526024136295,4.143134726391533,0.40522875816993464,0.9956077029628139,0.413909915073739,0.9838709677419355,14.616672561499586,2.189070362339323,5.934215834938362,12.520170867755883,153,62,0.39215686274509803,0,ambiguous_mixed,low,443,synthetic,1,1.0,1.0,39,0.31885196305963065,0.36526944984501797
5.638354669333745,4.820281565605037,0.4392857142857143,0.9999372624769444,0.4395637154954059,1.0,13.759123884146987,2.4632591104742403,5.132141787839301,12.160434975136386,280,123,0.4392857142857143,0,ambiguous_mixed,low,80,synthetic,1,1.0,1.0,39,0.4757563360644791,0.3906120765286711
3.871201010907891,2.772588722239781,0.3191489361702128,0.999700136979421,0.3299550039330322,1.0,15.043689096169418,1.8568229822788842,5.336678524137472,12.853279202975907,47,15,0.3191489361702128,0,ambiguous_mixed,low,443,synthetic,1,1.0,0.0,39,0.07656719346484402,0.15583889326689282
4.3694478524670215,3.044522437723423,0.2564102564102564,0.9999324291944504,0.25681122628933234,1.0,12.696130854938,3.070602722971153,4.49526208952748,11.48334608067199,78,20,0.2564102564102564,0,ambiguous_mixed,low,80,synthetic,1,1.0,0.0,39,0.043328661548205034,0.020160190209781312
5.225746673713202,3.295836866004329,0.14054054054054055,0.9998129652096674,0.14090188285890298,1.0,12.660915248695652,3.2315612577003088,5.006602148277816,11.216896362474797,185,26,0.14054054054054055,0,ambiguous_mixed,low,80,synthetic,1,1.0,0.0,39,0.038731442708639235,0.007429339360211307
4.997212273764115,4.0943445622221,0.4013605442176871,0.999943518032462,0.4015364046329532,1.0,13.506049256689407,2.5357814780989654,5.02293013823768,12.001552577626917,147,59,0.4013605442176871,0,ambiguous_mixed,low,80,synthetic,1,1.0,1.0,39,0.24900910017739866,0.20896494929472254
5.68697535633982,4.844187086458591,0.42857142857142855,0.9998566484640515,0.42876265639134553,1.0,13.320286631842446,2.7279568657933155,4.927369118768953,11.805091992255399,294,126,0.42857142857142855,0,ambiguous_mixed,low,80,synthetic,1,1.0,1.0,39,0.4371321529142438,0.29161020581595387
4.143134726391533,2.4849066497880004,0.1774193548387097,0.9806073416363109,0.1742647440392832,0.9090909090909091,14.324467107593064,2.529464015597015,6.105493212588744,12.172316217403566,62,11,0.16129032258064516,0,ambiguous_mixed,low,443,synthetic,1,1.0,0.0,39,0.023218871495058496,0.013223491151896968
5.459585514144159,4.553876891600541,0.4017094017094017,0.9998869255502173,0.4023258553581246,1.0,12.974746892667076,2.954298981160985,4.960621818892109,11.579015162428888,234,94,0.4017094017094017,0,ambiguous_mixed,low,80,synthetic,1,1.0,1.0,39,0.3164048192834292,0.17878551034034132
3.5553480614894135,1.791759469228055,0.14705882352941177,0.9998355150222779,0.15765452951716827,1.0,15.620844345846104,1.7022599099795603,6.149230220770075,12.87263838173941,34,5,0.14705882352941177,0,ambiguous_mixed,low,443,synthetic,1,1.0,0.0,39,0.017083897275052072,0.03227174238026104
4.941642422609304,3.091042453358316,0.1510791366906475,0.9879752085322425,0.1525181080463984,0.9523809523809523,14.425582884578468,2.3745263413278965,6.010032642352104,12.16505422627517,139,21,0.14388489208633093,0,ambiguous_mixed,low,443,synthetic,1,1.0,0.0,39,0.04584571666615346,0.019603554586930697
6.71295620067707,6.703188113240863,0.9902676399026764,0.9998776621256179,0.9904655242828406,1.0,14.96246708647889,1.6355341425910352,6.133088078777557,13.124389780326108,822,814,0.9914841849148418,1,high_ddos,high,80,synthetic,2,1.0,1.0,39,0.9941836256870664,0.9995804282668074
6.755768921984255,6.714170529909472,0.9592074592074592,0.9989104638847083,0.9581675829011321,0.9975698663426489,14.828377645485102,1.7145928971967543,6.137459271922103,13.006156738942375,858,823,0.9592074592074592,1,high_ddos,high,80,synthetic,2,1.0,1.0,39,0.9929356793497391,0.999361532845464
6.576469569048224,6.484635235635252,0.9121338912133892,0.999904816121501,0.9120587192098496,1.0,14.855044535762778,1.7282875304721446,6.025031694184796,13.028404452841587,717,654,0.9121338912133892,1,high_ddos,high,80,synthetic,2,1.0,1.0,39,0.9884742974750145,0.998778533244078
6.322565239927284,6.289715570908998,0.9676258992805755,0.9995005377827967,0.9671437931551785,0.9981412639405205,14.857321024366213,1.7502618731168815,6.326955675974251,12.994780924866934,556,538,0.9676258992805755,1,high_ddos,high,80,synthetic,2,1.0,1.0,39,0.9894619603718683,0.9992147090466192
6.721425700790643,6.63200177739563,0.9143546441495778,0.9996524391042211,0.9140456257610385,0.9973614775725593,14.75058623666404,1.7933179827971528,5.861036438793916,12.96717724064925,829,758,0.9143546441495778,1,high_ddos,high,80,synthetic,2,1.0,1.0,39,0.989908627378476,0.9988063801275776
5.87493073085203,5.814130531825066,0.9408450704225352,0.9998733867071345,0.9407303016477833,1.0,15.060235173721964,1.5820619243072753,5.893085831749316,13.220527195513927,355,334,0.9408450704225352,1,high_ddos,high,80,synthetic,2,1.0,1.0,39,0.9805715686703327,0.998629577124098
5.983936280687191,5.973809611869261,0.98989898989899,0.9989315955614557,0.9888417540404729,0.9974489795918368,15.032879607916676,1.6502039975824998,6.428805177603941,13.139792919287208,396,392,0.98989898989899,1,high_ddos,high,80,synthetic,2,1.0,1.0,39,0.9873927946962493,0.9992929781860543
6.2166061010848646,6.192362489474872,0.976,0.9998043659524839,0.9759875745872878,1.0,14.908300612924442,1.692083168050218,6.349753639935774,13.044215340778235,500,488,0.978,1,high_ddos,high,80,synthetic,2,1.0,1.0,39,0.9890471350734763,0.9992682837472144
6.091309882077698,6.013715156042802,0.9251700680272109,0.9998663213907504,0.9250714957883993,1.0,14.753069921195367,1.7410220146109665,5.958650510980752,12.986780931606143,441,408,0.9251700680272109,1,high_ddos,high,80,synthetic,2,1.0,1.0,39,0.9818354922850577,0.998352056137188
6.79346613258001,6.728628613084702,0.9371492704826038,0.9998748199668474,0.9370415497133474,1.0,15.044968490820146,1.6255687321595513,5.902357765073862,13.18770147473282,891,835,0.9371492704826038,1,high_ddos,high,80,synthetic,2,1.0,1.0,39,0.9925077759154725,0.999291794735004
6.297109319933935,6.269096283706261,0.9723247232472325,0.9991819607465046,0.9715345628348387,0.9962049335863378,14.761007757676005,1.8113616926580618,6.520716655838631,12.90475058206899,542,527,0.9723247232472325,1,high_ddos,high,80,synthetic,2,1.0,1.0,39,0.9893049567686982,0.999207520581673
6.815639990074331,6.813444599510896,0.9978046103183315,0.9997701508508394,0.9977745833090056,1.0,14.913382237667397,1.6875566887137943,6.377885955931767,13.051771631764371,911,909,1.0,1,high_ddos,high,80,synthetic,2,1.0,1.0,39,0.9950199698413856,0.9996440323358541
6.729824070489475,6.7226297948554485,0.992822966507177,0.9992164983088712,0.9924599480591632,0.9975903614457832,14.829094405030977,1.7102743189491973,6.3879727839461555,12.986911378197565,836,830,0.9940191387559809,1,high_ddos,high,80,synthetic,2,1.0,1.0,39,0.9942364384613593,0.9995729795929553
6.725033642166843,6.659293919683638,0.9362980769230769,0.9989467218843443,0.9361068956190646,0.9961489088575096,14.767917313026702,1.809248053972346,6.3371891824885065,12.90565149799092,832,779,0.9387019230769231,1,high_ddos,high,80,synthetic,2,1.0,1.0,39,0.9914316986195446,0.9991341467176126
6.561030665896573,6.536691597591305,0.9759206798866855,0.9998485356872071,0.9760311860646242,1.0,14.835004608432868,1.7184907670159975,6.104648061015383,13.014093826058753,706,689,0.9773371104815864,1,high_ddos,high,80,synthetic,2,1.0,1.0,39,0.9922346163102481,0.999390255725794
6.016157159698354,5.961005339623274,0.9462102689486552,0.999781179951759,0.9465673478253257,1.0,15.17818857732441,1.4804798571142033,5.810745683152647,13.33180787917721,409,387,0.9486552567237164,1,high_ddos,high,80,synthetic,2,1.0,1.0,39,0.9843093449787665,0.9989321881402881
6.285998094508865,6.257667587882639,0.9720149253731343,0.9991199853552967,0.9711611029154918,0.9961612284069098,14.947105233865654,1.6329655969218284,5.978046653265965,13.126170346350612,536,521,0.9720149253731343,1,high_ddos,high,80,synthetic,2,1.0,1.0,39,0.9894336906177866,0.9992369454558329
6.095824562432225,5.996452088619021,0.9051918735891648,0.9988742833422901,0.9041860659605268,0.9950124688279302,14.797544929233885,1.7442863537389677,6.098656178807661,12.963739714742374,443,401,0.9051918735891648,1,high_ddos,high,80,synthetic,2,1.0,1.0,39,0.9794371127931172,0.9979709653489727
5.976350909297934,5.916202062607435,0.9414758269720102,0.9998944711040806,0.941380773242753,1.0,14.768492647943424,1.7977101911875129,6.221707990692894,12.91926334848678,393,370,0.9414758269720102,1,high_ddos,high,80,synthetic,2,1.0,1.0,39,0.9815732352489841,0.9985293067690534
6.102558594613569,6.075346031088684,0.9730941704035875,0.9998321785904845,0.9729318385572299,1.0,14.926957249128076,1.6729848149737967,6.232784215153062,13.061511384265938,446,434,0.9730941704035875,1,high_ddos,high,80,synthetic,2,1.0,1.0,39,0.9873707179794041,0.9991659514530035
4.04305126783455,3.8066624897703196,0.7857142857142857,0.9999072822657499,0.7856565876935064,1.0,14.775103040436006,1.8249893323408755,5.980208591986381,12.951005291467956,56,44,0.7857142857142857,1,medium_ddos,medium,80,synthetic,2,1.0,1.0,39,0.7002522231558452,0.9621053228105991
5.236441962829949,4.74493212836325,0.6096256684491979,0.9993753177032136,0.6097909630304383,0.9912280701754386,14.251582898137192,2.145501919004987,5.287038400058401,12.530756473276579,187,114,0.6096256684491979,1,medium_ddos,medium,80,synthetic,2,1.0,1.0,39,0.6883551474300871,0.8418312829997222
5.501258210544727,5.303304908059076,0.819672131147541,0.9999067056179046,0.8198190153275537,1.0,14.609342661014548,1.8785475996656253,5.923897598176739,12.844928873518551,244,200,0.819672131147541,1,medium_ddos,medium,80,synthetic,2,1.0,1.0,39,0.9320708033000136,0.9905901000045407
5.68697535633982,5.497168225293202,0.826530612244898,0.9997574206242346,0.826349818786002,1.0,14.741294288117489,1.8277037465177053,6.134389005445392,12.884810067607612,294,243,0.826530612244898,1,medium_ddos,medium,80,synthetic,2,1.0,1.0,39,0.9477841945612248,0.9932225499375493
4.836281906951478,4.6443908991413725,0.824,0.9998953718583561,0.8239385567873689,1.0,14.760342546781123,1.826734893396891,6.243620246494445,12.914969272910886,125,103,0.824,1,medium_ddos,medium,80,synthetic,2,1.0,1.0,39,0.8776220799552008,0.9869336753763248
5.170483995038151,4.941642422609304,0.7942857142857143,0.9997467780284744,0.7941385458580762,1.0,14.278605195730966,2.1081224357806763,6.050282644491167,12.556975298244415,175,139,0.7942857142857143,1,medium_ddos,medium,80,synthetic,2,1.0,1.0,39,0.8824189042796255,0.9801127038773478
5.181783550292085,4.700480365792417,0.615819209039548,0.9998838114082267,0.6158485516902769,1.0,14.043999311221613,2.3346906492736426,5.413307716078326,12.324316504389824,177,109,0.615819209039548,1,medium_ddos,medium,80,synthetic,2,1.0,1.0,39,0.6759741763212235,0.8303713026039129
5.247024072160486,4.867534450455582,0.6825396825396826,0.9999065704123918,0.6825151657490854,1.0,14.270786537206005,2.10885044311928,5.6954456806692635,12.525741880400284,189,129,0.6825396825396826,1,medium_ddos,medium,80,synthetic,2,1.0,1.0,39,0.7918198419028216,0.9332454451399647
4.127134385045092,3.9318256327243257,0.819672131147541,0.9998954367637635,0.8207383712227039,1.0,13.529869571393823,2.732574517551191,7.211765459088092,11.806547637445593,61,50,0.819672131147541,1,medium_ddos,medium,80,synthetic,2,1.0,1.0,39,0.7131776207503318,0.9526655132428843
4.51085950651685,4.330733340286331,0.8333333333333334,0.9999207496643067,0.8332722836352964,1.0,14.92808676367489,1.7368806994355588,5.731636049304095,13.04588506837407,90,75,0.8333333333333334,1,medium_ddos,medium,80,synthetic,2,1.0,1.0,39,0.8438642484192196,0.9848222830733807
5.288267030694535,4.836281906951478,0.6345177664974619,0.9997931065559387,0.6347895102825969,1.0,14.514134820679079,2.0672530321375917,5.855077068376066,12.664533098891127,197,125,0.6345177664974619,1,medium_ddos,medium,80,synthetic,2,1.0,1.0,39,0.7519741974206212,0.907653818390767
5.159055299214529,4.762173934797756,0.6705202312138728,0.9999439269304276,0.6705603433597676,1.0,14.373718346341375,2.147864530640346,5.8594303971998505,12.577681835615984,173,116,0.6705202312138728,1,medium_ddos,medium,80,synthetic,2,1.0,1.0,39,0.7649317497419048,0.9239553652346582
4.30406509320417,4.110873864173311,0.821917808219178,0.9999523431062698,0.8225950153024664,1.0,14.405801037174449,2.0198448849721573,6.597141032287149,12.590674755052486,73,60,0.821917808219178,1,medium_ddos,medium,80,synthetic,2,1.0,1.0,39,0.7886663902959512,0.9762860495543919
4.356708826689592,4.143134726391533,0.8051948051948052,0.9998845111939215,0.8051161599493871,1.0,14.265349307364936,2.1582182683811664,5.603664439001436,12.571824062735049,77,62,0.8051948051948052,1,medium_ddos,medium,80,synthetic,2,1.0,1.0,39,0.7637726554517574,0.9631523975702997
4.68213122712422,4.382026634673881,0.7383177570093458,0.9997992025146002,0.7392226880827406,1.0,14.304335292281245,2.05486571165921,5.624915266041701,12.638040585557457,107,79,0.7476635514018691,1,medium_ddos,medium,80,synthetic,2,1.0,1.0,39,0.7523743878643216,0.9454912731543615
5.429345628954441,5.247024072160486,0.8325991189427313,0.999864154707187,0.8328927009254763,1.0,14.74063281948264,1.7872598611754906,5.729187302309555,12.96309432662876,227,189,0.8370044052863436,1,medium_ddos,medium,80,synthetic,2,1.0,1.0,39,0.9339093853691102,0.9918225437208329
3.970291913552122,3.6888794541139363,0.75,0.9999098349840213,0.7499392516189423,1.0,14.684029485357048,2.01249165109768,5.158407743882192,12.84769025918944,52,39,0.75,1,medium_ddos,medium,80,synthetic,2,1.0,1.0,39,0.6103296857615731,0.9236618063588504
5.438079308923196,5.1647859739235145,0.759825327510917,0.9998902126975443,0.7600881057672026,1.0,14.474090943827154,2.056795023425721,5.9502259703578515,12.643578019695385,229,174,0.7641921397379913,1,medium_ddos,medium,80,synthetic,2,1.0,1.0,39,0.8916846790055717,0.9782651704411864
4.007333185232471,3.6635616461296463,0.7037037037037037,0.9998725778178165,0.703657075261813,1.0,14.313612665054492,2.1919997075549684,5.393924887325077,12.600572180377904,54,38,0.7037037037037037,1,medium_ddos,medium,80,synthetic,2,1.0,0.0,39,0.52918931415333,0.8618226001091762
4.6443908991413725,4.477336814478207,0.8446601941747572,0.9999093632588442,0.8445869619914793,1.0,14.82825409787154,1.6516788346348934,5.420659981613694,13.06607521086771,103,87,0.8446601941747572,1,medium_ddos,medium,80,synthetic,2,1.0,1.0,39,0.8687121777594958,0.9871354845502022
3.6888794541139363,3.6375861597263857,0.9487179487179487,0.9997969334189957,0.9485256174665642,1.0,14.615486968555107,1.9723961214974797,6.806863940674064,12.734382752883672,39,37,0.9487179487179487,1,lowrate_ddos,low,80,synthetic,2,1.0,0.0,39,0.8205785351295455,0.9915703058201243
3.295836866004329,3.2188758248682006,0.9230769230769231,0.9997029031316439,0.9228030623785587,1.0,14.512528670001224,1.8081400616396677,6.634204740880049,12.68263359299071,26,24,0.9230769230769231,1,lowrate_ddos,low,80,synthetic,2,1.0,0.0,39,0.7155540971252635,0.9846016760017038
2.302585092994046,2.0794415416798357,0.7777777777777778,0.9999256304332188,0.7779038848434792,1.0,15.181355044730193,1.3113570539613473,4.538493074768241,13.615945234188448,9,7,0.7777777777777778,1,lowrate_ddos,low,80,synthetic,2,1.0,0.0,39,0.26727623614544677,0.8725730970860792
3.5553480614894135,3.1354942159291497,0.6470588235294118,0.9998854181983254,0.6470310399715417,1.0,13.688738138402904,2.7324378141370245,5.725740419137347,11.90428679960851,34,22,0.6470588235294118,1,lowrate_ddos,low,80,synthetic,2,1.0,0.0,39,0.2864954816787926,0.5963805580903413
1.9459101490553132,1.791759469228055,0.8333333333333334,0.9998577237129211,0.8332169561437391,1.0,15.43339674914772,1.1919628800856725,4.5475352824151924,13.651987162047428,6,5,0.8333333333333334,1,lowrate_ddos,low,80,synthetic,2,1.0,0.0,39,0.2711973431696967,0.9155145619751193
3.1780538303479458,2.9444389791664403,0.782608695652174,0.9995876749356588,0.7823244885553055,1.0,15.171544197160628,1.6010069811197951,5.468605121365785,13.26382845476147,23,18,0.782608695652174,1,lowrate_ddos,low,80,synthetic,2,1.0,0.0,39,0.4883681042369116,0.9354789042221541
1.9459101490553132,1.6094379124341003,0.6666666666666666,0.9996165782213211,0.6664323654005481,1.0,14.149019518900943,1.6174889261905558,3.896223858057011,12.880877636607808,6,4,0.6666666666666666,1,lowrate_ddos,low,80,synthetic,2,1.0,0.0,39,0.08700038708172834,0.43003571112145694
3.6888794541139363,3.6888794541139363,1.0,0.9987256893744836,0.9987256893744836,1.0,15.454527824706762,1.277487338583312,5.2613492983392955,13.632302437379286,39,39,1.0,1,lowrate_ddos,low,80,synthetic,2,1.0,1.0,39,0.8802863090689687,0.9965701569021437
3.5553480614894135,3.1354942159291497,0.6470588235294118,0.9999271875078027,0.647120992160915,1.0,13.984909704771509,2.4591534329956937,5.7897596032784415,12.296370565945185,34,22,0.6470588235294118,1,lowrate_ddos,low,80,synthetic,2,1.0,0.0,39,0.3067809555704987,0.6619352169038424
3.871201010907891,3.6635616461296463,0.8085106382978723,0.9999479651451111,0.80850464780779,1.0,14.1593098909062,2.201545692253842,5.3850289293131395,12.505169854325324,47,38,0.8085106382978723,1,lowrate_ddos,low,80,synthetic,2,1.0,0.0,39,0.6537712624944503,0.9432380903709092
3.912023005428146,3.5263605246161616,0.673469387755102,0.9999326304955916,0.6771251912976539,1.0,14.229665623472485,2.0774590520505463,5.702208179473813,12.494511690407506,49,33,0.6938775510204082,1,lowrate_ddos,low,80,synthetic,2,1.0,0.0,39,0.459655672891517,0.8176406416355315
2.5649493574615367,2.4849066497880004,0.9166666666666666,0.9999586939811707,0.9166302370807292,1.0,13.309318719637771,2.921395377046796,6.9258064656509575,11.570733029636925,12,11,0.9166666666666666,1,lowrate_ddos,low,80,synthetic,2,1.0,0.0,39,0.4416246650090587,0.9298232062370567
2.4849066497880004,2.0794415416798357,0.6363636363636364,0.9999436736106873,0.6363310452451184,1.0,14.281464340806439,1.9035983734242963,6.487291062272479,12.517162328124785,11,7,0.6363636363636364,1,lowrate_ddos,low,80,synthetic,2,1.0,0.0,39,0.13225957859028822,0.5518704842110668
3.828641396489095,3.5553480614894135,0.7555555555555555,0.9996478838079116,0.755295405554219,1.0,15.309466133805394,1.4111304961763267,5.771514284365026,13.32587008617086,45,34,0.7555555555555555,1,lowrate_ddos,low,80,synthetic,2,1.0,0.0,39,0.631316866700632,0.9558366535923462
3.1780538303479458,2.995732273553991,0.8260869565217391,0.9998792566751179,0.826072179302529,1.0,12.411820970189542,3.5046970550156358,7.385855855671404,10.889229671213823,23,19,0.8260869565217391,1,lowrate_ddos,low,80,synthetic,2,1.0,0.0,39,0.4142121066623536,0.8249920844941812
3.871201010907891,3.332204510175204,0.574468085106383,0.9999370817784909,0.5744511016375125,1.0,14.618593125204471,1.7052363909359578,5.45232135528503,12.969037656398053,47,27,0.574468085106383,1,lowrate_ddos,low,80,synthetic,2,1.0,0.0,39,0.31488890710238715,0.6531632541332354
3.784189633918261,3.4657359027997265,0.7209302325581395,0.9999413644113848,0.7208968919864052,1.0,14.828897420268012,1.6243106625330774,5.386809718463097,13.022154132636924,43,31,0.7209302325581395,1,lowrate_ddos,low,80,synthetic,2,1.0,0.0,39,0.5355028671058619,0.9083195004537473
2.3978952727983707,1.9459101490553132,0.6,0.9999591410160065,0.5999790908032174,1.0,14.424777992256214,2.3406530933295295,5.463995338320044,12.435710727769365,10,6,0.6,1,lowrate_ddos,low,80,synthetic,2,1.0,0.0,39,0.08985296872639507,0.35267566690367863
3.6635616461296463,3.4339872044851463,0.7894736842105263,0.9998304843902588,0.7893832093040917,1.0,14.479974293019469,1.8996937552595128,6.23414966176491,12.674397303849613,38,30,0.7894736842105263,1,lowrate_ddos,low,80,synthetic,2,1.0,0.0,39,0.6023565660408586,0.9456978992991194
3.332204510175204,3.044522437723423,0.7407407407407407,0.9999204576015472,0.740692601667857,1.0,14.355899127585749,2.1212548607829325,5.769768021794582,12.636626022613898,27,20,0.7407407407407407,1,lowrate_ddos,low,80,synthetic,2,1.0,0.0,39,0.41801699226355354,0.862552260402432
5.8916442118257715,1.9459101490553132,0.01662049861495845,0.999984860420227,0.019807283687228,1.0,14.031844565426164,2.953438647761277,7.104118406471936,11.544247688572586,361,6,0.01662049861495845,0,benign_burst,low,443,synthetic,2,1.0,0.0,39,0.01958265558286168,0.0021435058644947453
6.269096283706261,2.4849066497880004,0.020872865275142316,0.9998956701972268,0.020880605020596847,1.0,8.065268777191973,7.120840778318831,11.235844099505679,7.165489364113446,527,11,0.020872865275142316,0,benign_burst,low,53,synthetic,2,1.0,0.0,39,0.009792696614960699,0.0001157249851817835
6.327936783729195,2.1972245773362196,0.014311270125223614,0.9999159201979637,0.015827982244447352,1.0,14.634590508379308,2.583228320655063,6.730618237275907,12.001351860852246,559,8,0.014311270125223614,0,benign_burst,low,443,synthetic,2,1.0,0.0,39,0.031150172878105887,0.0036298385384299033
6.375024819828097,3.2188758248682006,0.040955631399317405,0.9999245355526606,0.040963221527755306,1.0,8.06689714153673,7.123613346591262,11.325223853753855,7.1242021959631145,586,24,0.040955631399317405,0,benign_burst,low,53,synthetic,2,1.0,0.0,39,0.017214681921010448,0.00023054553482486755
6.787844982309579,2.8903717578961645,0.019187358916478554,0.9998667310265934,0.02140430014908431,1.0,14.59681814827583,2.514393324593656,6.782642355122855,12.000978374614453,886,17,0.019187358916478554,0,benign_burst,low,443,synthetic,2,1.0,0.0,39,0.05869155081731293,0.00650134593743714
6.3080984415095305,3.258096538021482,0.04562043795620438,0.9999555420875549,0.045629121743162034,1.0,8.052228393937638,7.207855288884355,11.342660757636514,7.094562945230441,548,25,0.04562043795620438,0,benign_burst,low,53,synthetic,2,1.0,0.0,39,0.01719914116729409,0.00023609067815626763
6.013715156042802,1.0986122886681098,0.004901960784313725,0.9998822510242462,0.005645769474691906,1.0,12.920552902779116,3.207203690727434,4.9865724749613864,11.298626651949698,408,2,0.004901960784313725,0,benign_burst,low,80,synthetic,2,1.0,0.0,39,0.009367164049700134,0.00044623419279126933
6.073044534100405,2.0794415416798357,0.016166281755196306,0.9999551091875348,0.01674274527330524,1.0,13.146553559784724,2.9647952522057843,4.451226708807139,11.583163057870307,433,7,0.016166281755196306,0,benign_burst,low,80,synthetic,2,1.0,0.0,39,0.01810291794786549,0.0010262648567966508
6.284134161070802,1.6094379124341003,0.007476635514018692,0.9999702572822571,0.00748716225919276,1.0,7.845666513899738,7.31434305242669,11.420498753187669,6.955984159236646,535,4,0.007476635514018692,0,benign_burst,low,53,synthetic,2,1.0,0.0,39,0.0054482961147500186,5.113449828548649e-05
6.285998094508865,3.2188758248682006,0.04477611940298507,0.997900478541851,0.04535593377814188,1.0,12.780955682526919,3.275006873248256,4.781408988636869,11.256373714116833,536,24,0.04477611940298507,0,benign_burst,low,80,synthetic,2,1.0,0.0,39,0.039802221220185056,0.002282069566977757
6.434546518787453,3.332204510175204,0.04340836012861737,0.999939293773086,0.04453095149492601,1.0,12.824754487387382,3.276670284072018,4.594063428440249,11.296173121361837,622,27,0.04340836012861737,0,benign_burst,low,80,synthetic,2,1.0,0.0,39,0.045426131513849485,0.002474530435617382
6.073044534100405,2.4849066497880004,0.025404157043879907,0.999893535267223,0.025412644843052407,1.0,7.777747185364074,7.447802676642854,11.544765053750108,6.812719650739886,433,11,0.025404157043879907,0,benign_burst,low,53,synthetic,2,1.0,0.0,39,0.008362918432147943,9.491845559577045e-05
6.363028103540465,1.0986122886681098,0.0034542314335060447,0.9999445676803589,0.00506790436352424,1.0,14.322138784421034,2.6997840780892313,6.720870394899456,11.83925730302317,579,2,0.0034542314335060447,0,benign_burst,low,443,synthetic,2,1.0,0.0,39,0.015839832644019388,0.0013953041723744034
6.559615237493242,3.332204510175204,0.03829787234042553,0.9998983608351814,0.0387456383466116,1.0,12.718985638967792,3.3365775284959427,4.707019190565577,11.200373181421636,705,27,0.03829787234042553,0,benign_burst,low,80,synthetic,2,1.0,0.0,39,0.046186242369074586,0.0022744773031347244
6.302618975744905,2.0794415416798357,0.012844036697247707,0.9999410254614693,0.014451956171080225,1.0,14.74598513507966,2.3331703553500462,6.521613099295991,12.210370933112426,545,7,0.012844036697247707,0,benign_burst,low,443,synthetic,2,1.0,0.0,39,0.029962873179421014,0.0037401543402816127
6.0330862217988015,2.995732273553991,0.04567307692307692,0.999936254400956,0.04759812086187159,1.0,14.63534289750685,2.463762632415521,6.589793046793099,12.10085047873969,416,19,0.04567307692307692,0,benign_burst,low,443,synthetic,2,1.0,0.0,39,0.04871759579015611,0.008054461083781779
5.869296913133774,2.8903717578961645,0.04815864022662889,0.9997465189765481,0.05023974749561502,1.0,14.611891690949994,2.406785943942853,6.485327063520584,12.122464333293458,353,17,0.04815864022662889,0,benign_burst,low,443,synthetic,2,1.0,0.0,39,0.04295537395869651,0.0074929238148726115
6.522092798170152,2.0794415416798357,0.010309278350515464,0.9999304328645978,0.010319593494400155,1.0,7.80451424826698,7.401082450132346,11.479334786260353,6.879932513514659,679,7,0.010309278350515464,0,benign_burst,low,53,synthetic,2,1.0,0.0,39,0.007965306504144775,7.000044296586858e-05
6.75110146893676,2.5649493574615367,0.01405152224824356,0.9999507715304693,0.01550076359494428,1.0,12.69263643484893,3.3529077635459963,4.834027726442002,11.171688048603865,854,12,0.01405152224824356,0,benign_burst,low,80,synthetic,2,1.0,0.0,39,0.030098856452121004,0.0011557123236901493
6.336825731146441,2.1972245773362196,0.014184397163120567,0.9999585151672363,0.016503237588814106,1.0,14.21317436567045,2.8524629271982276,7.018839191712088,11.676609334365006,564,8,0.014184397163120567,0,benign_burst,low,443,synthetic,2,1.0,0.0,39,0.028896248177463703,0.002898202090492358
5.111987788356544,4.30406509320417,0.44242424242424244,0.9999128849539038,0.44258090719830195,1.0,14.796664119956564,2.0828995545044724,6.531394306228796,12.5083159348577,165,73,0.44242424242424244,0,ambiguous_mixed,low,443,synthetic,2,1.0,1.0,39,0.41267213101170686,0.5377825124992424
3.2188758248682006,1.791759469228055,0.20833333333333334,0.998973298072815,0.20825465560243941,1.0,13.707520049982413,2.732894857524808,4.3977517504964245,11.968494612564077,24,5,0.20833333333333334,0,ambiguous_mixed,low,80,synthetic,2,1.0,0.0,39,0.011239676409452021,0.005138954726681065
4.770684624465665,3.6635616461296463,0.3247863247863248,0.9997431745654658,0.32521511496567634,1.0,13.958902508416307,2.3742240994046417,4.632306536895611,12.303876955967777,117,38,0.3247863247863248,0,ambiguous_mixed,low,80,synthetic,2,1.0,0.0,39,0.13918463740538675,0.08981633632837811
4.718498871295094,3.4965075614664802,0.2882882882882883,0.9999592341482639,0.2884142736449946,1.0,13.38537748906258,2.7328999817424786,5.137427603373796,11.808231579169139,111,32,0.2882882882882883,0,ambiguous_mixed,low,80,synthetic,2,1.0,0.0,39,0.0938407243572715,0.043086630651081585
5.318119993844216,3.258096538021482,0.12315270935960591,0.9999190330505371,0.1253845641278952,1.0,14.544086905958563,2.4672638780574143,6.827330141261925,12.067443842058005,203,25,0.12315270935960591,0,ambiguous_mixed,low,443,synthetic,2,1.0,0.0,39,0.05920020206836367,0.01864725467657257
5.293304824724492,4.330733340286331,0.3787878787878788,0.9998997672398885,0.3806664245682773,1.0,13.295450282308796,2.8470891176874304,5.4375102777817155,11.792182728161734,198,75,0.3787878787878788,0,ambiguous_mixed,low,80,synthetic,2,1.0,1.0,39,0.2745097560527588,0.1739986903621697
5.402677381872279,3.6109179126442243,0.16289592760180996,0.9999402877357271,0.163760032003734,1.0,13.218726180068678,2.986924825880542,5.468915051185324,11.547772433860061,221,36,0.16289592760180996,0,ambiguous_mixed,low,80,synthetic,2,1.0,0.0,39,0.06812530055248128,0.013144947425985216
5.5053315359323625,3.6109179126442243,0.1469387755102041,0.9999460793203778,0.1498327877017884,1.0,14.507786251727802,2.4194559180881545,6.529685924670002,12.141567674514024,245,36,0.1469387755102041,0,ambiguous_mixed,low,443,synthetic,2,1.0,0.0,39,0.08782363025080933,0.02910541678234837
5.605802066295998,4.787491742782046,0.43911439114391143,0.9998579846710718,0.43947291865589144,1.0,13.782957337385913,2.586623683492149,5.492991214974144,12.03870612236298,271,119,0.43911439114391143,0,ambiguous_mixed,low,80,synthetic,2,1.0,1.0,39,0.4748438848622882,0.4240818831767806
4.442651256490317,2.833213344056216,0.19047619047619047,0.9999551437795162,0.19067054274381579,1.0,14.596730190356713,2.2779360070392505,6.310058592592061,12.292958440915543,84,16,0.19047619047619047,0,ambiguous_mixed,low,443,synthetic,2,1.0,0.0,39,0.04442275343350753,0.024660464313984776
4.890349128221754,3.2188758248682006,0.18181818181818182,0.9998759627342224,0.1822106810700363,1.0,13.428307776189127,2.758103943571875,4.6657289457118996,11.818478482004556,132,24,0.18181818181818182,0,ambiguous_mixed,low,80,synthetic,2,1.0,0.0,39,0.04862762177583091,0.011810192035887814
4.762173934797756,3.7612001156935624,0.3620689655172414,0.9998987288702101,0.3648417734570833,1.0,13.969924826584059,2.8217687053440947,7.282618841175258,11.737931419958693,116,42,0.3620689655172414,0,ambiguous_mixed,low,443,synthetic,2,1.0,1.0,39,0.18363982445378121,0.17226404225266645
5.214935757608986,3.8066624897703196,0.24043715846994534,0.9998196404088627,0.24352311303045396,1.0,13.251958261869246,2.8432212579862606,4.959296480208864,11.760987400838674,183,44,0.24043715846994534,0,ambiguous_mixed,low,80,synthetic,2,1.0,1.0,39,0.10507954233358334,0.0314733804097443
5.384495062789089,3.6375861597263857,0.17050691244239632,0.9999078947144586,0.17347378859948134,1.0,13.324732218378175,2.957733060043701,5.102714626932415,11.660738815533733,217,37,0.17050691244239632,0,ambiguous_mixed,low,80,synthetic,2,1.0,0.0,39,0.07192115423390949,0.014382657999500342
5.4638318050256105,4.532599493153256,0.39148936170212767,0.9998768043258915,0.39231688698756007,1.0,14.59137986211457,2.3518268381398686,6.918040079194181,12.201540805279992,235,92,0.39148936170212767,0,ambiguous_mixed,low,443,synthetic,2,1.0,1.0,39,0.4036863818194702,0.4244118266808932
5.54907608489522,3.828641396489095,0.17578125,0.9999379250738356,0.1787270354396833,1.0,14.085047367913898,2.823751473339895,7.08129363276019,11.734500651079069,256,45,0.1796875,0,ambiguous_mixed,low,443,synthetic,2,1.0,1.0,39,0.10706054656050806,0.03524111672887529
4.718498871295094,3.367295829986474,0.25225225225225223,0.9999274079288755,0.25297747046950225,1.0,13.383403035402889,2.8161592474846593,4.6498993966472835,11.800298068089237,111,28,0.25225225225225223,0,ambiguous_mixed,low,80,synthetic,2,1.0,0.0,39,0.07005986048218386,0.024555351627041654
3.58351893845611,2.6390573296152584,0.37142857142857144,0.9995404940385085,0.371294310385481,1.0,15.453249394435598,1.6899871046988344,6.478457584271189,12.929363749836593,35,13,0.37142857142857144,0,ambiguous_mixed,low,443,synthetic,2,1.0,0.0,39,0.08603884406237441,0.1890340520619996
5.087596335232384,3.8066624897703196,0.2732919254658385,0.9998306049541994,0.2737697862786306,1.0,13.327668234208758,2.855713758518672,5.50360237105921,11.746146414382695,161,44,0.2732919254658385,0,ambiguous_mixed,low,80,synthetic,2,1.0,1.0,39,0.12020809955233171,0.047641998323534815
5.455321115357702,4.553876891600541,0.4034334763948498,0.9998713294242291,0.403839454403635,1.0,14.601730598199163,2.251109671327447,6.397910871753027,12.390683049407423,233,94,0.4034334763948498,0,ambiguous_mixed,low,443,synthetic,2,1.0,1.0,39,0.42161588913274844,0.4486083567259671
6.745236349484363,6.714170529909472,0.9693757361601885,0.9976308074206077,0.9671293620177034,0.9987849331713244,14.728497940628376,1.7491108678262028,6.1287505020403685,12.956409638687875,849,823,0.9693757361601885,1,high_ddos,high,80,synthetic,3,1.0,1.0,39,0.992486278090429,0.9990138765941334
6.289715570908998,6.284134161070802,0.9944237918215614,0.9973904969536256,0.9918481358155908,0.9981308411214953,14.658698802231573,1.777724600754066,6.186454506121263,12.897630240342906,538,535,0.9944237918215614,1,high_ddos,high,80,synthetic,3,1.0,1.0,39,0.9894657529776694,0.9989074347982453
6.161207321695077,6.056784013228625,0.9006342494714588,0.9978523058510722,0.8989638097276027,1.0,14.454542696667875,1.9358735595413312,5.945203622857208,12.728810517712317,473,426,0.9006342494714588,1,high_ddos,high,80,synthetic,3,1.0,1.0,39,0.9759907624934693,0.9963395182502182
6.658011045870748,6.584791392385716,0.929305912596401,0.9978339212069373,0.9282445067444635,1.0,14.44195279401537,1.9706729006866275,6.24201739179586,12.686697613563936,778,723,0.9305912596401028,1,high_ddos,high,80,synthetic,3,1.0,1.0,39,0.9884063602732903,0.9981402641113453
6.302618975744905,6.218600119691729,0.9192660550458716,0.9974305784392975,0.9170351567440967,0.998003992015968,14.449827698186509,1.9601664465472597,6.321432908675903,12.677539567281482,545,501,0.9192660550458716,1,high_ddos,high,80,synthetic,3,1.0,1.0,39,0.981805336853219,0.9973514403338846
6.257667587882639,6.206575926724928,0.9500959692898272,0.9971173353869506,0.9477885734579694,0.9959595959595959,14.57445389794842,1.8112816925773592,5.879066201239692,12.864649066112143,521,495,0.9500959692898272,1,high_ddos,high,80,synthetic,3,1.0,1.0,39,0.9848552901104486,0.9980547344964031
6.508769136971682,6.480044561926653,0.9716417910447761,0.9977772163539071,0.969564220596066,1.0,14.812720466426564,1.6688537032216504,5.975153585364551,13.044430229956316,670,651,0.9716417910447761,1,high_ddos,high,80,synthetic,3,1.0,1.0,39,0.9906642583015417,0.9989098614164292
6.061456918928017,6.052089168924417,0.9906542056074766,0.9975324627363457,0.9882154512905179,0.9976415094339622,14.673559297008591,1.8041089248283564,6.225860542882444,12.893026813392797,428,424,0.9906542056074766,1,high_ddos,high,80,synthetic,3,1.0,1.0,39,0.9861992241284371,0.9986679803373694
6.486160788944089,6.46302945692067,0.9770992366412213,0.9972157017327845,0.9743978107790419,0.996875,14.442993980318215,1.9645630610515192,6.505602968077859,12.663365075980652,655,640,0.9770992366412213,1,high_ddos,high,80,synthetic,3,1.0,1.0,39,0.9898796294206399,0.9987329589479431
6.75343791859778,6.720220155135295,0.9672897196261683,0.9977096461731455,0.965217593977728,1.0,14.685050120539584,1.7448716292040722,5.965905041815616,12.942874825603637,856,828,0.9672897196261683,1,high_ddos,high,80,synthetic,3,1.0,1.0,39,0.9923715693208586,0.9989627381253114
6.84587987526405,6.7650389767805414,0.9222577209797657,0.9974427828887868,0.9201762403934012,0.9976905311778291,14.483974853033898,1.9230372510212195,6.299254150039137,12.721480578318076,939,866,0.9222577209797657,1,high_ddos,high,80,synthetic,3,1.0,1.0,39,0.9901433862589193,0.9982934775181213
6.517671272912275,6.483107351457199,0.9659763313609467,0.9976299336639334,0.9637608613886736,1.0,14.71010688289592,1.7615806408784813,6.066651987091625,12.9267630653296,676,653,0.9659763313609467,1,high_ddos,high,80,synthetic,3,1.0,1.0,39,0.9901104311929513,0.9987763637610344
5.966146739123692,5.869296913133774,0.9074550128534704,0.9974910606743593,0.9054252911465649,0.9971671388101983,14.520940440206271,1.902430392560885,6.2602265968221,12.752524957327584,389,353,0.9074550128534704,1,high_ddos,high,80,synthetic,3,1.0,1.0,39,0.9723602096285827,0.9963527356892763
6.71295620067707,6.660575149839686,0.948905109489051,0.9977069932680863,0.9468333621222236,0.9987179487179487,14.714303033923285,1.7473282240850563,6.113369376721737,12.932515802494581,822,780,0.948905109489051,1,high_ddos,high,80,synthetic,3,1.0,1.0,39,0.9910374131817546,0.998745838112916
6.63200177739563,6.53813982376767,0.9102902374670184,0.9975349193033964,0.9082265336394786,0.9985507246376811,14.616906037757195,1.816619941897553,5.9536562196626885,12.85265336406738,758,690,0.9102902374670184,1,high_ddos,high,80,synthetic,3,1.0,1.0,39,0.9868918544068044,0.9978387042102075
6.184148890937483,6.182084906716632,0.9979338842975206,0.9979082950647327,0.9958469552905077,1.0,14.736199024894995,1.7634274622646988,6.271333527042122,12.94064739335118,484,483,0.9979338842975206,1,high_ddos,high,80,synthetic,3,1.0,1.0,39,0.9887344933110372,0.9989327921989332
5.723585101952381,5.641907070938114,0.921311475409836,0.996644223712093,0.9184260161386132,0.9928825622775801,14.52364827012942,1.8904935279062034,6.132099676282284,12.762036130655954,305,281,0.921311475409836,1,high_ddos,high,80,synthetic,3,1.0,1.0,39,0.9670225416516065,0.9960714545659303
6.558197802812269,6.523562306149512,0.9659090909090909,0.9974466273013283,0.9635187767865329,0.9985294117647059,14.483687432192069,1.9220959764339363,6.3743371284206995,12.724175621578565,704,680,0.9659090909090909,1,high_ddos,high,80,synthetic,3,1.0,1.0,39,0.9900306386650723,0.9986803979020066
6.813444599510896,6.771935555839602,0.9592959295929593,0.9976634817932724,0.9574275590293336,0.9988532110091743,14.692883209257316,1.7504920419587426,6.015527532931668,12.93832360919295,909,872,0.9603960396039604,1,high_ddos,high,80,synthetic,3,1.0,1.0,39,0.9924600549222651,0.9989263244789354
6.792344427470809,6.769641976852503,0.9775280898876404,0.9968330011285584,0.9745366861073992,0.9954022988505747,14.560502318465202,1.864114054613891,6.144484771932765,12.81424782634741,890,870,0.9775280898876404,1,high_ddos,high,80,synthetic,3,1.0,1.0,39,0.9928783141390671,0.9990016791860572
5.303304908059076,5.111987788356544,0.825,0.9973706256259571,0.8258181028337316,0.9939393939393939,14.341857389239504,2.004015192822779,5.763735329873474,12.639618116114953,200,165,0.83,1,medium_ddos,medium,80,synthetic,3,1.0,1.0,39,0.9018414408338774,0.9837998503292801
4.532599493153256,4.04305126783455,0.6086956521739131,0.9978008099964687,0.608409132316687,1.0,13.905332321323492,2.3347301597377523,5.828832635282098,12.170054983006876,92,56,0.6086956521739131,1,medium_ddos,medium,80,synthetic,3,1.0,1.0,39,0.43814566904527796,0.7375074795148967
5.6240175061873385,5.327876168789581,0.7427536231884058,0.9974500208366208,0.7420503794896123,1.0,13.80025334551117,2.4471169596336093,6.269392968502014,12.109331372640149,276,205,0.7427536231884058,1,medium_ddos,medium,80,synthetic,3,1.0,1.0,39,0.8656421416235471,0.9609896782765431
5.3706380281276624,4.990432586778736,0.6822429906542056,0.9975173305975248,0.6813453594545131,1.0,14.254171715534683,2.071759403234258,5.6543793860626534,12.527747588653622,214,146,0.6822429906542056,1,medium_ddos,medium,80,synthetic,3,1.0,1.0,39,0.7806389396834876,0.9311240967867371
5.572154032177765,5.288267030694535,0.7519083969465649,0.9978118027527321,0.7513546126787201,1.0,14.365588034993094,2.084081228580217,6.023611828118877,12.601853989883024,262,197,0.7519083969465649,1,medium_ddos,medium,80,synthetic,3,1.0,1.0,39,0.8817878356565146,0.9729069369014413
5.087596335232384,4.969813299576001,0.8881987577639752,0.9962437461306165,0.8851352894524573,0.993006993006993,14.626271059790524,1.8061716645419768,5.767359863254013,12.889965641733005,161,143,0.8881987577639752,1,medium_ddos,medium,80,synthetic,3,1.0,1.0,39,0.9225399969300838,0.9914679096320465
4.330733340286331,4.07753744390572,0.7733333333333333,0.9978058379271935,0.7733776469661583,1.0,13.729849452448935,2.548549955610807,6.31021894968627,11.996996463447395,75,58,0.7733333333333333,1,medium_ddos,medium,80,synthetic,3,1.0,1.0,39,0.6565990671878645,0.9275065997746337
4.882801922586371,4.574710978503383,0.732824427480916,0.9951828364282846,0.7299368643637723,0.9895833333333334,14.525321948460903,1.8670951161085383,5.542780412434546,12.819844267805955,131,96,0.7251908396946565,1,medium_ddos,medium,80,synthetic,3,1.0,1.0,39,0.758170677516467,0.9471714857748462
4.330733340286331,3.9889840465642745,0.7066666666666667,0.9980383560342608,0.7064217825453185,1.0,14.192166774433584,2.1136075659226106,5.717306810657288,12.542638220601097,75,53,0.7066666666666667,1,medium_ddos,medium,80,synthetic,3,1.0,1.0,39,0.576513588489381,0.8922549576752624
5.616771097666572,5.402677381872279,0.8065693430656934,0.997428761887874,0.8055316633398015,1.0,14.294786537538545,2.0051038811515918,5.818080071047531,12.620658873790196,274,221,0.8065693430656934,1,medium_ddos,medium,80,synthetic,3,1.0,1.0,39,0.9189445972855466,0.9844076063974995
5.43372200355424,5.19295685089021,0.7850877192982456,0.9961229323008873,0.7827074326344864,0.994413407821229,14.256168243801843,2.1344122987031584,6.0347346819940615,12.53083104608619,228,179,0.7807017543859649,1,medium_ddos,medium,80,synthetic,3,1.0,1.0,39,0.8857591950442644,0.9764370664201407
5.313205979041787,4.976733742420574,0.7128712871287128,0.9977053279678026,0.7118888227773711,1.0,14.002897390569151,2.3153208857923246,5.841257714162906,12.299177042315955,202,144,0.7128712871287128,1,medium_ddos,medium,80,synthetic,3,1.0,1.0,39,0.794712885869586,0.9387845303063584
5.605802066295998,5.318119993844216,0.7490774907749077,0.9972029548560457,0.7477738771529113,0.9950738916256158,14.090107346444844,2.221111427556546,5.973006260327465,12.367478662096483,271,203,0.7490774907749077,1,medium_ddos,medium,80,synthetic,3,1.0,1.0,39,0.8750808243398122,0.9670036184099138
4.61512051684126,4.418840607796598,0.82,0.9973275806845688,0.8183184794917179,1.0,13.830537991485084,2.5140776161315954,6.351237703283532,12.108127533442909,100,82,0.82,1,medium_ddos,medium,80,synthetic,3,1.0,1.0,39,0.7856101673552314,0.9638793648035459
5.60947179518496,5.484796933490655,0.8823529411764706,0.9972084045410157,0.8801662476883072,0.9958333333333333,14.424142801082503,1.9303009561055073,6.000953414099663,12.728140757057112,272,240,0.8823529411764706,1,medium_ddos,medium,80,synthetic,3,1.0,1.0,39,0.9512676572134003,0.9933469703205008
4.356708826689592,4.189654742026425,0.8441558441558441,0.9982087181164668,0.8427943455240253,1.0,13.836046820893037,2.4293178339416768,7.65079678538605,11.96768005923919,77,65,0.8441558441558441,1,medium_ddos,medium,80,synthetic,3,1.0,1.0,39,0.7754852099782792,0.9731365515014904
4.912654885736052,4.663439094112067,0.7777777777777778,0.9971234401067098,0.7759279087897017,1.0,14.286819639245715,2.034504976570764,6.032139165010109,12.531990334218618,135,105,0.7777777777777778,1,medium_ddos,medium,80,synthetic,3,1.0,1.0,39,0.8112887096489163,0.966194768497887
4.770684624465665,4.454347296253507,0.7264957264957265,0.9978034313987283,0.7253951474420817,1.0,13.863658793413213,2.428406573666654,6.037722278648819,12.181423411889199,117,85,0.7264957264957265,1,medium_ddos,medium,80,synthetic,3,1.0,1.0,39,0.6962147353382019,0.9188922114172369
5.3230099791384085,5.043425116919247,0.7549019607843137,0.9968470818810649,0.7530179366115576,0.9935064935064936,14.119299327438242,2.2813989596147026,6.479112381102067,12.321225664792145,204,154,0.7549019607843137,1,medium_ddos,medium,80,synthetic,3,1.0,1.0,39,0.8440720049613901,0.9642572214920335
4.5217885770490405,4.204692619390966,0.7252747252747253,0.9978467316338511,0.7245474502346402,1.0,14.01870481624924,2.2656974579361653,6.072888531705364,12.322712353206589,91,66,0.7252747252747253,1,medium_ddos,medium,80,synthetic,3,1.0,1.0,39,0.6461312209147351,0.9142178810455036
3.4339872044851463,3.2188758248682006,0.8,0.9968243415157,0.7977307183969969,1.0,14.091189462239281,2.0609405556966096,5.448601281266284,12.447371941824454,30,24,0.8,1,lowrate_ddos,low,80,synthetic,3,1.0,0.0,39,0.4876788985802575,0.9132164047148137
3.4011973816621555,3.332204510175204,0.9310344827586207,0.997448570198483,0.9286788535592395,1.0,14.366860679006258,2.0470213843656366,6.6509343233305,12.559674489006595,29,27,0.9310344827586207,1,lowrate_ddos,low,80,synthetic,3,1.0,0.0,39,0.7120457722607539,0.981814734110178
3.7376696182833684,3.367295829986474,0.6829268292682927,0.9976800488574165,0.6825732990042391,1.0,13.383879827089197,2.661931497008421,5.9453209926069155,11.82910135622373,41,28,0.6829268292682927,1,lowrate_ddos,low,80,synthetic,3,1.0,0.0,39,0.33035506878704035,0.7236733175158597
3.4965075614664802,2.995732273553991,0.59375,0.9981296282065543,0.5937542506555644,1.0,14.970268548573415,1.6432311399932584,5.153204341356831,13.190290267946374,32,19,0.59375,1,lowrate_ddos,low,80,synthetic,3,1.0,0.0,39,0.2293398644988796,0.6739467830903543
3.7376696182833684,3.5553480614894135,0.8292682926829268,0.9983693782021018,0.8294107525573231,1.0,14.169300087911724,2.251236722740389,6.385967407778013,12.439018813292286,41,34,0.8292682926829268,1,lowrate_ddos,low,80,synthetic,3,1.0,0.0,39,0.6266475090903718,0.9533736393486705
1.9459101490553132,1.9459101490553132,1.0,0.9977991779645284,0.9977991779645284,1.0,15.206211602754452,1.1680075291278442,4.9950638959507065,13.5585243879342,6,6,1.0,1,lowrate_ddos,low,80,synthetic,3,1.0,0.0,39,0.5016883690773956,0.9830186539510825
3.295836866004329,2.8903717578961645,0.6538461538461539,0.9975342680426205,0.6558217944909231,1.0,13.954381735517586,2.3189681189883027,6.884957368947361,12.133554891379386,26,17,0.6538461538461539,1,lowrate_ddos,low,80,synthetic,3,1.0,0.0,39,0.2296481268547491,0.6995472488809209
2.8903717578961645,2.5649493574615367,0.7058823529411765,0.9978038221597672,0.7050952672280426,1.0,12.546366652676602,3.2553033878394313,5.90038028518949,11.160727335854771,17,12,0.7058823529411765,1,lowrate_ddos,low,80,synthetic,3,1.0,0.0,39,0.15672074838131606,0.5156907861667517
3.7612001156935624,3.295836866004329,0.6190476190476191,0.9984317674086645,0.6190745730978268,1.0,14.087613243887168,2.3623082456668265,4.930672906244276,12.395908032431992,42,26,0.6190476190476191,1,lowrate_ddos,low,80,synthetic,3,1.0,0.0,39,0.2676438950514571,0.629736226283492
3.7612001156935624,3.6635616461296463,0.9047619047619048,0.9971009571301309,0.9022928522608709,1.0,14.832631855649002,1.5239781870067997,5.223754256222195,13.191965202254865,42,38,0.9047619047619048,1,lowrate_ddos,low,80,synthetic,3,1.0,0.0,39,0.772658133846032,0.9841252895553105
2.1972245773362196,2.1972245773362196,1.0,0.9982931166887283,0.9982931166887283,1.0,13.858296897071892,2.4480862598097435,7.8684048698858025,11.987535547743901,8,8,1.0,1,lowrate_ddos,low,80,synthetic,3,1.0,0.0,39,0.4918727750557288,0.9756984317378644
2.833213344056216,2.3978952727983707,0.625,0.9982581615447998,0.6242683295322422,1.0,15.379975668860592,1.2940778503315644,4.6613227776742985,13.513161820008264,16,10,0.625,1,lowrate_ddos,low,80,synthetic,3,1.0,0.0,39,0.1664471985626341,0.6872038332028317
2.302585092994046,2.1972245773362196,0.8888888888888888,0.9972262531518936,0.886444630934016,1.0,14.027425756917845,2.1384267154490013,7.053672386483172,12.165419660105478,9,8,0.8888888888888888,1,lowrate_ddos,low,80,synthetic,3,1.0,0.0,39,0.34576791912436783,0.9346654093769144
3.828641396489095,3.295836866004329,0.5777777777777777,0.9979546918318822,0.577058606049185,1.0,13.942020670077527,2.399429133943209,5.519090266514897,12.222673914427087,45,26,0.5777777777777777,1,lowrate_ddos,low,80,synthetic,3,1.0,0.0,39,0.2241049394299881,0.5387081262827458
2.833213344056216,2.4849066497880004,0.6875,0.9958085959607904,0.6853961029783022,1.0,12.895314409232117,2.9921230066232587,5.76021487963348,11.454735046265128,16,11,0.6875,1,lowrate_ddos,low,80,synthetic,3,1.0,0.0,39,0.14285446786740563,0.503923775223304
2.4849066497880004,2.3978952727983707,0.9090909090909091,0.9977277457714081,0.9070317791635965,1.0,16.420487892332368,0.5776487682537408,3.442494640468726,14.560329161944486,11,10,0.9090909090909091,1,lowrate_ddos,low,80,synthetic,3,1.0,0.0,39,0.5510900027434911,0.9810348991880594
3.9318256327243257,3.8501476017100584,0.92,0.9982573636200117,0.9186757300145655,1.0,14.723715846846266,1.872850507397591,6.147289585285608,12.86931862962714,50,46,0.92,1,lowrate_ddos,low,80,synthetic,3,1.0,1.0,39,0.8141807485645515,0.9876846246866741
3.091042453358316,2.8903717578961645,0.8095238095238095,0.9986271016737994,0.8085784146546974,1.0,15.035982484136076,1.410712811657956,5.272047898318146,13.367252525178813,21,17,0.8095238095238095,1,lowrate_ddos,low,80,synthetic,3,1.0,0.0,39,0.4768073138985665,0.9442098738548244
3.7376696182833684,3.6888794541139363,0.9512195121951219,0.9976206253736447,0.9489814985696817,1.0,14.814687104957478,1.6132838953218078,6.02414935416736,13.067665542547774,41,39,0.9512195121951219,1,lowrate_ddos,low,80,synthetic,3,1.0,1.0,39,0.8214832541902035,0.9907645311502513
3.2188758248682006,3.044522437723423,0.8333333333333334,0.9980732649564743,0.8318960418619099,1.0,13.928949055589804,2.4371140102684365,6.341349879958442,12.190673773156021,24,20,0.8333333333333334,1,lowrate_ddos,low,80,synthetic,3,1.0,0.0,39,0.4766211301210626,0.9246035991420407
5.84354441703136,2.3978952727983707,0.029069767441860465,0.9711178719997406,0.031130780313023697,0.9,13.026850264659034,3.077183715918612,4.755589873263016,11.46026096452138,344,10,0.02616279069767442,0,benign_burst,low,80,synthetic,3,1.0,0.0,39,0.011299410575039042,0.0011585830005845614
5.796057750765372,1.6094379124341003,0.012195121951219513,0.9970564842224121,0.013961475958223753,1.0,8.369139123677364,6.829688239438145,10.995028618231128,7.457019678492884,328,4,0.012195121951219513,0,benign_burst,low,53,synthetic,3,1.0,0.0,39,0.0028239500974101134,0.00013782287371771372
5.762051382780177,2.1972245773362196,0.025236593059936908,0.9976309314370155,0.027846559608971304,1.0,12.779473325639383,3.2589088684060536,4.537861734479548,11.274362755255519,317,8,0.025236593059936908,0,benign_burst,low,80,synthetic,3,1.0,0.0,39,0.010720330951145118,0.001490670389221956
6.641182169740591,3.5263605246161616,0.043137254901960784,0.9850581107717572,0.04752835759574014,0.8787878787878788,14.33488607030922,2.5654225199963787,6.391086155495194,11.858866197424438,765,33,0.036601307189542485,0,benign_burst,low,443,synthetic,3,1.0,0.0,39,0.04632913618882246,0.007170012707942827
6.3561076606958915,1.6094379124341003,0.006956521739130435,0.7302217036485672,0.011349603402639118,0.25,14.579196342945377,2.4157141930953507,6.26586817799772,12.048510156162969,575,4,0.0,0,benign_burst,low,443,synthetic,3,1.0,0.0,39,0.0031067886484118503,1.816874011975539e-05
5.986452005284438,2.5649493574615367,0.030226700251889168,0.9962216267983118,0.031809505340097424,1.0,8.335344224183224,6.856573283001042,11.003182987743623,7.422992127986982,397,12,0.030226700251889168,0,benign_burst,low,53,synthetic,3,1.0,0.0,39,0.005708070469378089,0.0002880300619467041
6.437751649736401,2.0794415416798357,0.011217948717948718,0.9625880973679679,0.013938155912162175,0.8571428571428571,12.900617296271662,3.1883970363539262,4.632476147426107,11.343581888436924,624,7,0.009615384615384616,0,benign_burst,low,80,synthetic,3,1.0,0.0,39,0.010661485476393348,0.0006081976034928209
6.1675164908883415,3.1354942159291497,0.046218487394957986,0.9983067268675024,0.04773251278703941,1.0,8.884755708797085,6.3893131354587425,10.53551187457828,7.9461615747597385,476,22,0.046218487394957986,0,benign_burst,low,53,synthetic,3,1.0,0.0,39,0.010829893973573118,0.0006686721839997778
6.4692503167957724,2.302585092994046,0.013975155279503106,0.8324872122870551,0.018594574780096528,0.5555555555555556,14.59411443825777,2.4070438681218245,6.423239447374731,12.026086184003765,644,9,0.007763975155279503,0,benign_burst,low,443,synthetic,3,1.0,0.0,39,0.009426764316495197,0.00023852625449143506
6.674561391814426,1.9459101490553132,0.007585335018963337,0.9571364720662435,0.010098777073780324,0.8333333333333334,13.240550117926407,2.9756486060790093,4.694974212592531,11.564538482665839,791,6,0.006321112515802781,0,benign_burst,low,80,synthetic,3,1.0,0.0,39,0.011550588144502917,0.0005976840487307588
6.1903154058531475,2.9444389791664403,0.03696098562628337,0.9965954853428735,0.03964751164315983,1.0,13.119131429225156,3.006134996261362,4.823204840981121,11.5251241038871,487,18,0.03696098562628337,0,benign_burst,low,80,synthetic,3,1.0,0.0,39,0.023629553347963385,0.0035413084223522005
6.806829360392176,3.6635616461296463,0.042081949058693245,0.9795594466359991,0.04607467217130888,0.9210526315789473,14.550833219336118,2.44227276865653,6.50798530034109,12.004976037119729,903,38,0.03433001107419712,0,benign_burst,low,443,synthetic,3,1.0,0.0,39,0.05910689114618866,0.010171663167561188
5.863631175598097,2.70805020110221,0.039886039886039885,0.9969136927809034,0.04235484850817413,1.0,12.815345053582222,3.244423349822703,4.871991801110404,11.279763208137924,351,14,0.039886039886039885,0,benign_burst,low,80,synthetic,3,1.0,0.0,39,0.01643986059562919,0.0025179657308878256
6.208590026096629,2.302585092994046,0.018145161290322582,0.9972615175777011,0.019849585977203404,1.0,8.440325497564272,6.76072701283019,10.892867448147664,7.529695926654137,496,9,0.018145161290322582,0,benign_burst,low,53,synthetic,3,1.0,0.0,39,0.005394370038994151,0.00024030043095074366
6.677083461247136,3.091042453358316,0.02648171500630517,0.998242906161717,0.030046404662245917,1.0,12.96096312593697,3.183573168140308,4.576383355906406,11.375158906215887,793,21,0.02648171500630517,0,benign_burst,low,80,synthetic,3,1.0,0.0,39,0.02959003035131828,0.0031733491218167284
6.238324625039508,2.833213344056216,0.03131115459882583,0.9982438683509827,0.0372770081387613,1.0,14.427678440722662,2.490871407366528,6.5227119801013815,11.927859695968282,511,16,0.03131115459882583,0,benign_burst,low,443,synthetic,3,1.0,0.0,39,0.030466490015141807,0.007944731285019135
6.240275845170769,3.2188758248682006,0.046875,0.9981117968757948,0.04844471544370313,1.0,8.824847394371886,6.42457829970635,10.520916554143643,7.883372373403832,512,24,0.046875,0,benign_burst,low,53,synthetic,3,1.0,0.0,39,0.011624235887735127,0.000683418004981314
6.883462586413092,2.302585092994046,0.009230769230769232,0.9433728920088874,0.011853949420305859,0.7777777777777778,13.001243947096018,3.1512123609885085,4.507145152717643,11.419386842209088,975,9,0.0071794871794871795,0,benign_burst,low,80,synthetic,3,1.0,0.0,39,0.013287890832497627,0.000461330482737645
6.740519359606223,3.4011973816621555,0.03431952662721893,0.9975332699973007,0.035901239453682586,1.0,8.58116494177617,6.7141739101938285,10.802073358802202,7.601453279196592,845,29,0.03431952662721893,0,benign_burst,low,53,synthetic,3,1.0,0.0,39,0.014505891743788845,0.0006059615964687459
6.456769655572163,3.091042453358316,0.0330188679245283,0.9983360511916024,0.03465134918378324,1.0,8.555470731857348,6.7150828326855905,10.87623835178732,7.586618337138591,636,21,0.0330188679245283,0,benign_burst,low,53,synthetic,3,1.0,0.0,39,0.010478376636713617,0.0004864454083940256
3.332204510175204,1.3862943611198906,0.1111111111111111,0.9981194337209066,0.11278408617578896,1.0,13.24427642707119,2.8030751563515426,5.214261987373221,11.764536132730107,27,3,0.1111111111111111,0,ambiguous_mixed,low,80,synthetic,3,1.0,0.0,39,0.0036512801600901454,0.0025721308487903754
4.990432586778736,3.2188758248682006,0.1643835616438356,0.9976146717866262,0.1668178235553793,1.0,13.469374467982234,2.758209857757726,4.7651096619210485,11.844603569372103,146,24,0.1643835616438356,0,ambiguous_mixed,low,80,synthetic,3,1.0,0.0,39,0.03346589211100573,0.015436574319342545
4.02535169073515,2.1972245773362196,0.14545454545454545,0.9980606436729431,0.14671021617601085,1.0,13.714126530779604,2.5873372982534097,4.603306235826696,11.941616489073711,55,8,0.14545454545454545,0,ambiguous_mixed,low,80,synthetic,3,1.0,0.0,39,0.010843434265855281,0.0070604845037342216
3.828641396489095,2.4849066497880004,0.24444444444444444,0.9984646710482511,0.24575131733543004,1.0,14.594297966707245,2.062697307062486,4.688595686770509,12.630644690966033,45,11,0.24444444444444444,0,ambiguous_mixed,low,80,synthetic,3,1.0,0.0,39,0.025811624955751115,0.035685552456067866
5.017279836814924,3.1780538303479458,0.15333333333333332,0.9980155721954678,0.1557264215114507,1.0,13.175731466927555,2.9435542689600673,5.010722738113426,11.611510461554102,150,23,0.15333333333333332,0,ambiguous_mixed,low,80,synthetic,3,1.0,0.0,39,0.02925181826327274,0.011913213137220343
4.890349128221754,3.5553480614894135,0.25757575757575757,0.9980058126589831,0.26335352056390327,1.0,14.337834914952575,2.4527993454708032,6.480505140874241,12.076062748245581,132,34,0.25757575757575757,0,ambiguous_mixed,low,443,synthetic,3,1.0,0.0,39,0.08136325277580919,0.08548465208374526
3.9318256327243257,2.5649493574615367,0.24,0.9923992405335108,0.24238572685062537,0.9166666666666666,14.18275929468019,2.4500504823520926,6.433163536112825,11.939072884916566,50,12,0.22,0,ambiguous_mixed,low,443,synthetic,3,1.0,0.0,39,0.022798721962555692,0.024068354529387184
4.584967478670572,2.70805020110221,0.14432989690721648,0.996380226952689,0.1483848319815704,1.0,14.816443251422486,2.206263154508704,6.203836282502857,12.350164593756926,97,14,0.13402061855670103,0,ambiguous_mixed,low,443,synthetic,3,1.0,0.0,39,0.02503527016963505,0.02169191433266053
5.69035945432406,3.4965075614664802,0.10847457627118644,0.9976915661245584,0.11350393613591028,1.0,14.691406211126125,2.3438921073604617,6.547132083286881,12.099153143083486,295,32,0.1016949152542373,0,ambiguous_mixed,low,443,synthetic,3,1.0,0.0,39,0.05302970869687095,0.02649372801626985
5.293304824724492,4.48863636973214,0.4444444444444444,0.9977305294437842,0.44658466970391564,1.0,13.80934380122401,2.474505802381421,5.440089294183724,12.156569440916277,198,88,0.4494949494949495,0,ambiguous_mixed,low,80,synthetic,3,1.0,1.0,39,0.3426614714503472,0.4206081583949323
4.727387818712341,3.1780538303479458,0.20535714285714285,0.9980520813361459,0.2071548752546651,1.0,13.86430561058794,2.502570103330062,4.789846477528685,12.119354626846517,112,23,0.20535714285714285,0,ambiguous_mixed,low,80,synthetic,3,1.0,0.0,39,0.039967924666118496,0.027322101223546565
5.043425116919247,2.9444389791664403,0.11688311688311688,0.9980744686391618,0.11841410304454067,1.0,13.534632198267284,2.765506446920144,5.32661501817685,11.728254140609494,154,18,0.11688311688311688,0,ambiguous_mixed,low,80,synthetic,3,1.0,0.0,39,0.022844331060933143,0.009225868704983216
5.572154032177765,4.007333185232471,0.20610687022900764,0.9973272074151922,0.20873305428273992,1.0,13.014507721164867,3.1705517529455927,5.312167422910145,11.390030966479545,262,54,0.20610687022900764,0,ambiguous_mixed,low,80,synthetic,3,1.0,1.0,39,0.07745490166921284,0.03045564953835793
4.430816798843313,2.5649493574615367,0.14457831325301204,0.997375950217247,0.14632561661398885,1.0,14.9695735224896,1.7958680238657734,5.420808035736574,12.578556480301186,83,12,0.14457831325301204,0,ambiguous_mixed,low,443,synthetic,3,1.0,0.0,39,0.022390440197315797,0.021096419177147312
4.859812404361672,2.9444389791664403,0.140625,0.9639841649267409,0.1397465747618991,0.8888888888888888,13.954047111870459,2.6577734876173675,7.025036122910223,11.609717134730195,128,18,0.125,0,ambiguous_mixed,low,443,synthetic,3,1.0,0.0,39,0.02136881276653978,0.008393982740491928
5.459585514144159,3.7376696182833684,0.1752136752136752,0.9980553868340283,0.17825688347835206,1.0,13.096422690642036,3.04608507170107,4.750744137718473,11.529368806108941,234,41,0.1752136752136752,0,ambiguous_mixed,low,80,synthetic,3,1.0,1.0,39,0.05417669986599649,0.01918660828558718
4.6443908991413725,2.772588722239781,0.14563106796116504,0.9981234192848205,0.14764269940626695,1.0,13.104392069767902,2.9981219818416207,5.053988232783987,11.528934300444627,103,15,0.14563106796116504,0,ambiguous_mixed,low,80,synthetic,3,1.0,0.0,39,0.01811092589047633,0.007995132858952113
3.7612001156935624,2.1972245773362196,0.19047619047619047,0.9958854839205742,0.19137569755232453,1.0,14.159344037159505,2.478800333750633,6.403998884632775,11.858074046388825,42,8,0.19047619047619047,0,ambiguous_mixed,low,443,synthetic,3,1.0,0.0,39,0.013978393694767699,0.016244416405248253
4.143134726391533,3.367295829986474,0.45161290322580644,0.9980457510266986,0.4590264164839717,1.0,14.626518932530695,2.1123596422316306,6.570736310592879,12.301750681632749,62,28,0.45161290322580644,0,ambiguous_mixed,low,443,synthetic,3,1.0,0.0,39,0.164025145311604,0.3889342257920775
4.248495242049359,3.091042453358316,0.30434782608695654,0.997875676268623,0.30918782202264866,1.0,14.900319894353327,2.0218293740651028,6.148685416693746,12.525786672735615,69,21,0.30434782608695654,0,ambiguous_mixed,low,443,synthetic,3,1.0,0.0,39,0.06907037777105586,0.12316107417558814
6.877296071497429,6.834108738813838,0.957688338493292,0.9993930477648973,0.9573884291776457,0.9978448275862069,14.10914784694856,2.0277437348693224,6.135134475389747,12.457080954863546,969,928,0.9628482972136223,1,high_ddos,high,80,synthetic,4,1.0,1.0,7,0.9897020538816299,0.9980458157327754
6.464588303689961,6.3835066348840055,0.921996879875195,0.999941295677837,0.9225463317544699,1.0,14.072709725730299,2.0685497567983835,6.060597493197836,12.418571398361667,641,591,0.921996879875195,1,high_ddos,high,80,synthetic,4,1.0,1.0,7,0.9799859176611244,0.9967864228258666
6.066108090103747,5.988961416889864,0.9255813953488372,0.9996768047462157,0.9259521639356997,0.9974874371859297,13.852210276786483,2.2050239905263047,6.307944772859948,12.191335811313087,430,398,0.9255813953488372,1,high_ddos,high,80,synthetic,4,1.0,1.0,7,0.9710799560546759,0.9958182367484548
5.921578419643816,5.846438775057725,0.9274193548387096,0.9991155715956204,0.9272874496545592,0.9971014492753624,14.158341510042705,2.004332809506971,5.797614871517116,12.510103962850664,372,345,0.9301075268817204,1,high_ddos,high,80,synthetic,4,1.0,1.0,7,0.9711841433870022,0.9975759610065927
6.508769136971682,6.47543271670409,0.9671641791044776,0.999949461148109,0.9672012788561248,1.0,14.189576365258922,1.9731298305783609,6.076847547465731,12.533430448518516,670,648,0.9746268656716418,1,high_ddos,high,80,synthetic,4,1.0,1.0,7,0.9877767543547813,0.998494369643062
6.890609120147166,6.829793737512425,0.9409368635437881,0.9999515288448954,0.9411142952628879,1.0,14.079231485759529,2.0737713598095864,6.133641140517758,12.417563744035144,982,924,0.9460285132382892,1,high_ddos,high,80,synthetic,4,1.0,1.0,7,0.9879574265057265,0.9974060279417314
6.42648845745769,6.327936783729195,0.9059967585089141,0.999243821142398,0.9062925961864371,0.998211091234347,14.104387936390287,2.0598083352955263,5.897933210520553,12.454451192390728,617,559,0.9076175040518638,1,high_ddos,high,80,synthetic,4,1.0,1.0,7,0.9761647318629266,0.9963025635950605
6.837332814685591,6.7580945044277305,0.9237379162191193,0.9998882645784423,0.923953344624763,1.0,13.943124923676196,2.185767541004634,6.27257770177648,12.287040627733493,931,860,0.9269602577873255,1,high_ddos,high,80,synthetic,4,1.0,1.0,7,0.9845119726630147,0.9959545671756289
6.906754778648554,6.8966943316227125,0.9899799599198397,0.9998665528620786,0.9898478509757157,0.9989878542510121,14.019749598608847,2.076925149089733,6.4672686703827775,12.34785555430882,998,988,0.9919839679358717,1,high_ddos,high,80,synthetic,4,1.0,1.0,7,0.9923485364749896,0.9984543380527936
6.364750756851911,6.282266746896006,0.9206896551724137,0.999900722659929,0.9215799056444037,1.0,14.000161239476704,2.1175349262771577,6.106962281322831,12.347570427346772,580,534,0.9206896551724137,1,high_ddos,high,80,synthetic,4,1.0,1.0,7,0.9774230721420765,0.9964177790511035
5.796057750765372,5.752572638825633,0.9573170731707317,0.9999537716625603,0.9576151008370168,1.0,14.003459489409373,2.139157297323433,6.123644126892614,12.364377725691064,328,314,0.9603658536585366,1,high_ddos,high,80,synthetic,4,1.0,1.0,7,0.9743164986750783,0.9978730454243321
6.566672429803241,6.499787040655854,0.9352112676056338,0.9999418275722538,0.9365044339946729,1.0,13.9865191945244,2.102954699923175,6.048602639048733,12.37118715444357,710,664,0.9338028169014084,1,high_ddos,high,80,synthetic,4,1.0,1.0,7,0.9830429342179716,0.9971647649479586
6.606650186198215,6.553933404025811,0.9485791610284168,0.9994190649877431,0.9483503205619994,0.9985734664764622,13.938654046892466,2.1676801728173074,6.267738574959724,12.289152445745852,739,701,0.9566982408660352,1,high_ddos,high,80,synthetic,4,1.0,1.0,7,0.9850492280166379,0.9971857967971858
6.887552571664617,6.829793737512425,0.9438202247191011,0.9999192904084275,0.9439750108797909,1.0,13.966025720009853,2.1287374369704732,6.216653657227826,12.317506122862493,979,924,0.9489274770173647,1,high_ddos,high,80,synthetic,4,1.0,1.0,7,0.9877165349106988,0.9971444205436426
6.8679744089702925,6.859614903654202,0.9916666666666667,0.9996647322628679,0.9913343104774338,0.9989495798319328,14.115017107852376,1.9929816712621762,6.073591878466172,12.475549217235475,960,952,0.9947916666666666,1,high_ddos,high,80,synthetic,4,1.0,1.0,7,0.9923506683230359,0.9988418842929755
5.786897381366708,5.717027701406222,0.9323076923076923,0.9998994046705391,0.9325670560792328,1.0,14.190196324335162,2.033716002951154,6.067943849675576,12.47987583787899,325,303,0.9292307692307692,1,high_ddos,high,80,synthetic,4,1.0,1.0,7,0.9700960362918086,0.9974825896609402
6.359573868672378,6.285998094508865,0.92894280762565,0.999421915901241,0.9292757462985745,0.9981343283582089,14.012576065994082,2.092457598934403,6.039083046101718,12.379752186201268,577,536,0.9324090121317158,1,high_ddos,high,80,synthetic,4,1.0,1.0,7,0.9789666303151893,0.9969688166968785
6.2166061010848646,6.194405391104672,0.978,0.9999451057067434,0.9780627453031047,1.0,14.166941799941647,1.934043137956193,5.698808447878412,12.575766882302236,500,489,0.984,1,high_ddos,high,80,synthetic,4,1.0,1.0,7,0.9855923692632227,0.9989154826941462
6.154858094016418,6.0867747269123065,0.9340425531914893,0.9998512758209385,0.9345415296563723,1.0,13.979439548601365,2.1092455264649015,5.813367470079536,12.382907373572275,470,439,0.9361702127659575,1,high_ddos,high,80,synthetic,4,1.0,1.0,7,0.9756246110191449,0.9973647889823667
6.169610732491456,6.0844994130751715,0.9182389937106918,0.9988669919096715,0.9173733800232498,0.997716894977169,14.111050482114644,2.049111182073006,5.959749761097301,12.453691269432817,477,438,0.9245283018867925,1,high_ddos,high,80,synthetic,4,1.0,1.0,7,0.9739176708819278,0.9968501776308282
5.0369526024136295,4.927253685157205,0.8954248366013072,0.9997775763490774,0.8955440259776677,1.0,14.2340465401498,1.958544794089874,6.010240858318987,12.53279810084595,153,137,0.8888888888888888,1,medium_ddos,medium,80,synthetic,4,1.0,1.0,7,0.9294654524615606,0.9963368712653291
5.442417710521793,5.056245805348308,0.6782608695652174,0.9968088273054514,0.6792610596010884,0.9935897435897436,13.931783481028747,2.2689224150985297,5.828560091122748,12.296070232812118,230,156,0.6652173913043479,1,medium_ddos,medium,80,synthetic,4,1.0,1.0,7,0.6829321375621925,0.9041360004672045
5.030437921392435,4.61512051684126,0.6578947368421053,0.995015184879303,0.6560371468462649,0.99,13.681270611956833,2.4912019642296,5.804618781134786,12.022560577668546,152,100,0.6447368421052632,1,medium_ddos,medium,80,synthetic,4,1.0,1.0,7,0.5215401815522365,0.8356666362300139
5.488937726156687,5.2574953720277815,0.7925311203319502,0.9997077356458335,0.7947173442919718,1.0,13.948655496218418,2.2161844539912097,5.621849375944732,12.332245088241594,241,191,0.7883817427385892,1,medium_ddos,medium,80,synthetic,4,1.0,1.0,7,0.8630255158717209,0.9815086334239438
5.41610040220442,5.220355825078324,0.8214285714285714,0.9993675202131271,0.8224083505611153,0.9945652173913043,13.976058253885649,2.141455837766204,5.614988014030599,12.383895027180946,224,184,0.8258928571428571,1,medium_ddos,medium,80,synthetic,4,1.0,1.0,7,0.8873876061145629,0.9884486553196332
5.0689042022202315,4.718498871295094,0.7025316455696202,0.9997755020588368,0.7055831674356361,1.0,13.616360223008787,2.5289759128657314,6.233339026626534,11.917861599018229,158,111,0.7088607594936709,1,medium_ddos,medium,80,synthetic,4,1.0,1.0,7,0.6355404875788954,0.8870326236022691
4.7535901911063645,4.343805421853684,0.6608695652173913,0.9942999858605234,0.6586437487290464,0.9868421052631579,13.710008057384709,2.4928391617690204,5.6942559162060675,12.07450432965915,115,76,0.6434782608695652,1,medium_ddos,medium,80,synthetic,4,1.0,1.0,7,0.47277743221537905,0.8514708018709918
5.318119993844216,5.017279836814924,0.7389162561576355,0.99695752064387,0.7381605849876687,0.9933333333333333,13.763263484895012,2.3174874774018965,5.53722106525368,12.205785625739516,203,150,0.729064039408867,1,medium_ddos,medium,80,synthetic,4,1.0,1.0,7,0.7531282445681086,0.9555941744331617
5.680172609017068,5.4680601411351315,0.8082191780821918,0.9998542267387196,0.8086654597256948,1.0,14.07762306719393,2.1115563205163745,5.934339177277766,12.385393607814306,292,236,0.8047945205479452,1,medium_ddos,medium,80,synthetic,4,1.0,1.0,7,0.9018673535039268,0.9850109251546209
5.030437921392435,4.912654885736052,0.8881578947368421,0.9999453566692493,0.8899868289534942,1.0,14.182440951983423,2.0430858105271517,5.944393012367908,12.517704248159536,152,135,0.8947368421052632,1,medium_ddos,medium,80,synthetic,4,1.0,1.0,7,0.9225866882428785,0.9958078956434724
5.37989735354046,4.927253685157205,0.6342592592592593,0.9999510080274874,0.6407404323399059,1.0,14.078218864545894,2.203852783122089,5.742893616325472,12.344004465973061,216,137,0.6342592592592593,1,medium_ddos,medium,80,synthetic,4,1.0,1.0,7,0.5958834424847003,0.8567390015254345
5.529429087511423,5.153291594497779,0.6852589641434262,0.9999463027992914,0.6872289749844229,1.0,14.022881132408253,2.3249413078761934,5.979201837742427,12.215431145903707,251,172,0.6892430278884463,1,medium_ddos,medium,80,synthetic,4,1.0,1.0,7,0.7136154867780735,0.903079172633324
5.455321115357702,5.303304908059076,0.8583690987124464,0.9999483251571655,0.8588252136931168,1.0,14.080574720269562,2.0478847658324297,6.089986122702656,12.418581416701217,233,200,0.8626609442060086,1,medium_ddos,medium,80,synthetic,4,1.0,1.0,7,0.9258536797070367,0.9926374910804417
5.638354669333745,5.521460917862246,0.8892857142857142,0.9979338600453602,0.8876984122702437,0.9959839357429718,14.24225797244039,2.018922550817453,5.961991226064853,12.545586433434037,280,249,0.8821428571428571,1,medium_ddos,medium,80,synthetic,4,1.0,1.0,7,0.951681258134597,0.9957881617469598
4.919980925828125,4.7535901911063645,0.8455882352941176,0.9999485705209815,0.8459225854107891,1.0,14.265107421196438,2.048193751584752,6.001373164627516,12.495045021016601,136,115,0.8529411764705882,1,medium_ddos,medium,80,synthetic,4,1.0,1.0,7,0.8827242235369516,0.9922350475453015
4.672828834461906,4.343805421853684,0.7169811320754716,0.999560631419483,0.718287648372202,1.0,13.797948229947341,2.386506270779141,6.129674462221685,12.159208427973958,106,76,0.7075471698113207,1,medium_ddos,medium,80,synthetic,4,1.0,1.0,7,0.6136410132661819,0.9283299266818313
5.327876168789581,5.0689042022202315,0.7707317073170732,0.999916302629664,0.7721051398130627,1.0,14.201672051465481,2.0710040263559524,5.700671963479012,12.475973830871734,205,158,0.775609756097561,1,medium_ddos,medium,80,synthetic,4,1.0,1.0,7,0.8357920876168489,0.9792884137862953
5.407171771460119,5.147494476813453,0.7702702702702703,0.9998580151134067,0.7716581545562937,1.0,14.37063255414914,1.9360883645793912,5.430524387808554,12.649791577414497,222,171,0.7657657657657657,1,medium_ddos,medium,80,synthetic,4,1.0,1.0,7,0.8521360667068539,0.9843588147267748
4.969813299576001,4.804021044733257,0.8461538461538461,0.9997340790496385,0.8471722622242335,1.0,14.07367567436782,2.123717289095845,5.860310742471761,12.385687476971729,143,121,0.8391608391608392,1,medium_ddos,medium,80,synthetic,4,1.0,1.0,7,0.8784940803263671,0.9915518683023298
4.9344739331306915,4.543294782270004,0.6739130434782609,0.9972433422201423,0.6812700058277181,0.989247311827957,13.562096986955508,2.5036871461385237,6.089574457791999,11.986362834564792,138,93,0.6594202898550725,1,medium_ddos,medium,80,synthetic,4,1.0,1.0,7,0.5490126220903176,0.8562011793514598
3.8918202981106265,3.5263605246161616,0.6875,0.9996566248662544,0.6881442377120806,1.0,13.92187057541045,2.4297474595552355,5.647244680806892,12.178991730404931,48,33,0.6666666666666666,1,lowrate_ddos,low,80,synthetic,4,1.0,1.0,7,0.3850357047136608,0.9118519663151831
3.8066624897703196,3.784189633918261,0.9772727272727273,0.999921131965726,0.9771956583724969,1.0,14.052645738168929,1.9962275628165487,5.757432903378786,12.476257712872211,44,43,1.0,1,lowrate_ddos,low,80,synthetic,4,1.0,1.0,7,0.9036890506581737,0.9988795129536581
3.871201010907891,3.8501476017100584,0.9787234042553191,0.9999511786129164,0.9786756489668157,1.0,14.150047394011091,1.917190423407215,5.860680255056285,12.536348361980444,47,46,0.9787234042553191,1,lowrate_ddos,low,80,synthetic,4,1.0,1.0,7,0.9138711113709823,0.998968639494955
3.044522437723423,2.5649493574615367,0.6,0.9999785721302032,0.5999936696808722,1.0,14.644726455806728,1.893055269847967,5.465796151255871,12.677523422592156,20,12,0.6,1,lowrate_ddos,low,80,synthetic,4,1.0,1.0,7,0.16680272127124685,0.8740329703898171
3.784189633918261,3.5263605246161616,0.7674418604651163,0.9993322419397759,0.7681684935999127,1.0,14.42686510255335,1.8996605146856473,5.330045621011574,12.76673125752881,43,33,0.7441860465116279,1,lowrate_ddos,low,80,synthetic,4,1.0,1.0,7,0.6116623468575519,0.986712494812557
3.784189633918261,3.784189633918261,1.0,0.9979981516682824,0.9979981516682824,0.9767441860465116,13.996978322675682,2.183348522521065,6.485349407693678,12.315894207900891,43,43,1.0,1,lowrate_ddos,low,80,synthetic,4,1.0,1.0,7,0.9168077563522536,0.9986906320597644
3.6109179126442243,3.091042453358316,0.5833333333333334,0.9999709129333496,0.5865348214577332,1.0,14.085074073838399,2.4246369274460933,6.3534339110035445,12.033138138907995,36,21,0.5833333333333334,1,lowrate_ddos,low,80,synthetic,4,1.0,1.0,7,0.17574687860964638,0.6508023433271324
3.8501476017100584,3.4339872044851463,0.6521739130434783,0.9999370316664378,0.6555785548985101,1.0,14.298520158059452,1.996691962305103,5.351794155067397,12.582922439186365,46,30,0.6521739130434783,1,lowrate_ddos,low,80,synthetic,4,1.0,1.0,7,0.35519270506169975,0.9253082200414668
3.1780538303479458,3.091042453358316,0.9130434782608695,0.9999678134918213,0.9130141070426119,1.0,13.690153877898277,2.424400258616013,6.658667840110171,11.926614331458374,23,21,0.9130434782608695,1,lowrate_ddos,low,80,synthetic,4,1.0,1.0,7,0.7301512709034206,0.9933380161172479
3.044522437723423,2.9444389791664403,0.9,0.9999617338180542,0.9025935373611078,1.0,14.138036835044858,1.9560359519628334,6.024252946933604,12.521215215777175,20,18,0.9,1,lowrate_ddos,low,80,synthetic,4,1.0,1.0,7,0.7344889892797744,0.9968473878929942
3.713572066704308,3.258096538021482,0.625,0.9999661207199096,0.6296841698464979,1.0,14.32625569373522,1.8038392198363637,3.894301646204113,12.84266317421364,40,25,0.625,1,lowrate_ddos,low,80,synthetic,4,1.0,1.0,7,0.26770086266837356,0.9472170030386975
3.6888794541139363,3.332204510175204,0.6923076923076923,0.9999703875294438,0.6938165770569765,1.0,13.755006197135966,2.396122389660313,7.094835851123457,11.916705533028873,39,27,0.6923076923076923,1,lowrate_ddos,low,80,synthetic,4,1.0,1.0,7,0.3783074076168642,0.8584542655878297
3.4011973816621555,3.044522437723423,0.6896551724137931,0.9999695420265198,0.6930630967450403,1.0,13.504883977890188,2.696584424566593,6.393668584244905,11.77853949588602,29,20,0.6896551724137931,1,lowrate_ddos,low,80,synthetic,4,1.0,1.0,7,0.2772031446155813,0.8470935632661203
2.8903717578961645,2.4849066497880004,0.6470588235294118,0.999909064986489,0.6512864235819573,1.0,14.342187775296686,1.8149672552143405,4.257819253870149,12.786183433820709,17,11,0.6470588235294118,1,lowrate_ddos,low,80,synthetic,4,1.0,1.0,7,0.19248965140923624,0.9562187960409235
2.1972245773362196,1.9459101490553132,0.75,0.9998674094676971,0.7499420753922755,1.0,12.924742225376395,2.871933906385766,6.958695226359827,11.459285494935285,8,6,0.75,1,lowrate_ddos,low,80,synthetic,4,1.0,0.0,7,0.17814540362721348,0.8844922141316127
3.091042453358316,2.995732273553991,0.9047619047619048,0.9993684166356137,0.9042291879816008,1.0,13.69889816764526,2.37391464904452,5.727292953576575,12.196467596998719,21,19,0.8571428571428571,1,lowrate_ddos,low,80,synthetic,4,1.0,1.0,7,0.6930716507953572,0.9954111638206291
3.4339872044851463,3.258096538021482,0.8333333333333334,0.9999481844902038,0.8411363277937841,1.0,13.965545430631,2.1640870864317283,6.023480167365615,12.270151408880265,30,25,0.8333333333333334,1,lowrate_ddos,low,80,synthetic,4,1.0,1.0,7,0.6525329408106443,0.9894839799167511
3.8918202981106265,3.7612001156935624,0.875,0.9999528186661857,0.8749589810287285,1.0,13.797303972369926,2.4134196749364816,6.110397724289823,12.06715222423089,48,42,0.875,1,lowrate_ddos,low,80,synthetic,4,1.0,1.0,7,0.7716097810947804,0.9911866332873005
2.70805020110221,2.70805020110221,1.0,0.999969618661063,0.999969618661063,1.0,14.896905874388512,1.3861211594059453,4.95626961809016,13.274852285046114,14,14,1.0,1,lowrate_ddos,low,80,synthetic,4,1.0,1.0,7,0.8716662213754374,0.9997716358632518
3.6109179126442243,3.4011973816621555,0.8055555555555556,0.999967805270491,0.8073457662863067,1.0,13.820945120025184,2.3907390862792335,6.618204070592961,12.065348270603863,36,29,0.8055555555555556,1,lowrate_ddos,low,80,synthetic,4,1.0,1.0,7,0.609938298714057,0.974426600827394
6.907755278982137,1.9459101490553132,0.006006006006006006,0.9999546408653259,0.00664846890653873,1.0,9.091520492880013,6.035339533399415,10.171716923007372,8.258737428851052,999,6,0.006006006006006006,0,benign_burst,low,53,synthetic,4,1.0,0.0,7,0.0005953331653643889,2.4858433094495674e-07
5.926926025970411,2.70805020110221,0.0374331550802139,0.8655184209346771,0.038506728165292034,0.6428571428571429,14.420750420405366,2.4958123272190935,6.467436717531893,11.972971932875726,374,14,0.0213903743315508,0,benign_burst,low,443,synthetic,4,1.0,1.0,7,0.003893479165531051,0.0002986833554111829
6.84587987526405,2.4849066497880004,0.011714589989350373,0.7359337210655212,0.01688080193384,0.2727272727272727,14.240255619055892,2.6977560540407737,6.648107161119428,11.80065524784032,939,11,0.0,0,benign_burst,low,443,synthetic,4,1.0,1.0,7,0.003045981091455586,7.942250182078287e-05
6.8690144506657065,3.871201010907891,0.04890738813735692,0.938345824150329,0.05315856624374743,0.851063829787234,14.131867626759703,2.717615195146679,6.504586425723898,11.798894160681906,961,47,0.04162330905306972,0,benign_burst,low,443,synthetic,4,1.0,1.0,7,0.010234556216979664,0.0003198162350389571
5.723585101952381,2.4849066497880004,0.036065573770491806,0.9999234893105247,0.03629876642825493,1.0,8.949697794021729,6.178138656189432,10.33579543864317,8.106139403889589,305,11,0.036065573770491806,0,benign_burst,low,53,synthetic,4,1.0,1.0,7,0.000514385795676041,5.434141005835945e-07
6.3818160174060985,2.995732273553991,0.03220338983050847,0.9999623988804064,0.033110174319554965,1.0,9.266224939349364,5.930726818108451,10.047907285698788,8.38279278914301,590,19,0.03220338983050847,0,benign_burst,low,53,synthetic,4,1.0,1.0,7,0.0009176692170398758,7.526972025747588e-07
6.74993119378857,3.8066624897703196,0.05158264947245018,0.9453298530795358,0.05519988616250477,0.8409090909090909,14.065551133788407,2.7396066621042974,6.622823082417439,11.719926069869107,853,44,0.041031652989449004,0,benign_burst,low,443,synthetic,4,1.0,1.0,7,0.009534470654019881,0.00030393064915035624
6.240275845170769,3.7612001156935624,0.08203125,0.9801430602868398,0.08902108026603864,0.9761904761904762,13.238663748156535,3.1083813436024563,5.155404870229138,11.56586906690115,512,42,0.046875,0,benign_burst,low,80,synthetic,4,1.0,1.0,7,0.0070919064101156535,0.000630820447588945
6.739336627357174,3.970291913552122,0.061611374407582936,0.9896024763584137,0.07012660830342965,1.0,13.37274589054932,2.989955965513493,4.954313835342358,11.681927762762045,844,52,0.02843601895734597,0,benign_burst,low,80,synthetic,4,1.0,1.0,7,0.008640782481517183,0.0005469697470904797
6.63200177739563,3.7376696182833684,0.05408970976253298,0.9375966482046174,0.055823521001519445,0.8292682926829268,14.643176458499948,2.3788038996375827,6.383140643647528,12.16208244245265,758,41,0.040897097625329816,0,benign_burst,low,443,synthetic,4,1.0,1.0,7,0.01125222353605649,0.0005967780104774497
6.630683385642372,3.6375861597263857,0.0488771466314399,0.9218218294349877,0.05781077734388766,0.8378378378378378,12.96554684873859,3.2856358346010848,5.304664025474159,11.308356649681365,757,37,0.02774108322324967,0,benign_burst,low,80,synthetic,4,1.0,1.0,7,0.004844138024216185,0.00021339495166762518
6.887552571664617,4.143134726391533,0.06332992849846783,0.9860274061079948,0.07168811198905306,0.9838709677419355,13.238968213397602,3.0436537685937832,4.990979249786411,11.573177584673807,979,62,0.03779366700715015,0,benign_burst,low,80,synthetic,4,1.0,1.0,7,0.009338631975346718,0.0004871983741237145
6.063785208687608,2.70805020110221,0.03263403263403263,0.9399869058813367,0.03888688759986493,0.7857142857142857,14.50202649381159,2.45258505356773,6.414693317702416,12.052783636492856,429,14,0.02564102564102564,0,benign_burst,low,443,synthetic,4,1.0,1.0,7,0.0048024571530064265,0.00034612470437382284
6.375024819828097,2.833213344056216,0.027303754266211604,0.9692109897732735,0.026673749033395183,0.875,9.115400856013075,5.99331855873494,10.192466441373428,8.285834099806879,586,16,0.023890784982935155,0,benign_burst,low,53,synthetic,4,1.0,1.0,7,0.0007265147352878492,5.185736844519668e-07
6.313548046277095,2.772588722239781,0.02722323049001815,0.9711530804634094,0.03333889149575287,0.9333333333333333,14.276718838496164,2.5810803531667963,6.553391672963936,11.916069173485687,551,15,0.025408348457350273,0,benign_burst,low,443,synthetic,4,1.0,1.0,7,0.0052886394475563986,0.00025849284473069694
6.546785410760524,3.871201010907891,0.06752873563218391,0.9648401559667384,0.07488392905940083,0.9361702127659575,13.279662190539822,3.0321777816132056,4.929389777025817,11.607862401411474,696,47,0.035919540229885055,0,benign_burst,low,80,synthetic,4,1.0,1.0,7,0.007300546763509197,0.00053988873921581
6.704414354964107,3.58351893845611,0.04294478527607362,0.9054601430892945,0.046723765972742054,0.7428571428571429,14.20288137589236,2.6076615411044908,6.462206055753246,11.88819531313915,815,35,0.03067484662576687,0,benign_burst,low,443,synthetic,4,1.0,1.0,7,0.007949399698104126,0.00030467613733785987
6.828712071641684,3.4657359027997265,0.03358613217768147,0.9869887617326552,0.03352128509675293,0.9354838709677419,9.08287377105162,6.073691687961516,10.228532587698295,8.214364865523802,923,31,0.032502708559046585,0,benign_burst,low,53,synthetic,4,1.0,1.0,7,0.0011872596316155092,5.511823711756744e-07
6.873163834212518,3.6888794541139363,0.04041450777202073,0.9999530697480227,0.04085542063971596,1.0,9.181727205187203,6.014367156262661,10.203240038548913,8.249164719061724,965,39,0.04041450777202073,0,benign_burst,low,53,synthetic,4,1.0,1.0,7,0.001498093144836311,7.228499642675272e-07
6.897704943128636,3.58351893845611,0.03538928210313448,0.9633976646832058,0.04259780079456807,0.9428571428571428,13.125702339632964,3.165529796213157,4.847269511172492,11.47131960764041,989,35,0.006066734074823054,0,benign_burst,low,80,synthetic,4,1.0,1.0,7,0.0053423978866246205,0.0002372246067577532
5.402677381872279,4.219507705176107,0.3031674208144796,0.9995832203039482,0.3081433526290531,1.0,13.80737958976053,2.509784745600983,5.0403665657425964,12.087126947287475,221,67,0.3031674208144796,0,ambiguous_mixed,low,80,synthetic,4,1.0,1.0,7,0.05108792051575164,0.04309823958655326
5.0238805208462765,3.5553480614894135,0.2251655629139073,0.9753261892234578,0.22354934841654725,0.9411764705882353,14.429932611646766,2.40230189731373,6.26512586250562,12.17004240632371,151,34,0.2119205298013245,0,ambiguous_mixed,low,443,synthetic,4,1.0,1.0,7,0.022235934548355808,0.010931758164206093
4.454347296253507,3.6109179126442243,0.4235294117647059,0.9882605655325784,0.42632742417115355,0.9722222222222222,14.279294643281611,2.301210295916763,6.280120765386342,12.204286706201572,85,36,0.4117647058823529,0,ambiguous_mixed,low,443,synthetic,4,1.0,1.0,7,0.09279017081272563,0.18558813604970578
4.890349128221754,3.6888794541139363,0.29545454545454547,0.9864159868313715,0.29512143239468547,0.9743589743589743,13.73178252440118,2.538069202597037,4.466376578475651,12.158862465558599,132,39,0.25,0,ambiguous_mixed,low,80,synthetic,4,1.0,1.0,7,0.02876329333321798,0.04526067089292782
5.572154032177765,4.48863636973214,0.33587786259541985,0.9776758680289442,0.3328417313431589,0.9431818181818182,14.104339485099674,2.551365220152465,6.8024578708380306,11.887978032421055,262,88,0.31679389312977096,0,ambiguous_mixed,low,443,synthetic,4,1.0,1.0,7,0.08666301306039183,0.03263639646924583
4.762173934797756,3.5553480614894135,0.29310344827586204,0.9999462488819572,0.2955515260678751,1.0,14.071763356928306,2.5383643859567586,6.245722940967335,11.984434110454632,116,34,0.29310344827586204,0,ambiguous_mixed,low,443,synthetic,4,1.0,1.0,7,0.032674681476878104,0.02526480411186332
5.476463551931511,4.060443010546419,0.23949579831932774,0.9987486078028094,0.24784571144558976,1.0,13.439723656693541,2.8983582991295864,5.032083589967666,11.712605295329393,238,57,0.22268907563025211,0,ambiguous_mixed,low,80,synthetic,4,1.0,1.0,7,0.024085464807585524,0.010645325699841519
4.927253685157205,3.2188758248682006,0.17518248175182483,0.9791677718361219,0.17588475941260723,0.9583333333333334,14.295360903858537,2.5721691925966454,6.513799710626995,11.910640299381587,137,24,0.17518248175182483,0,ambiguous_mixed,low,443,synthetic,4,1.0,1.0,7,0.011677235641309968,0.003728747165497282
4.110873864173311,3.332204510175204,0.45,0.9992348904962893,0.453378700626959,1.0,13.978782767174373,2.4167861134384183,5.601608375823739,12.194069113528766,60,27,0.43333333333333335,0,ambiguous_mixed,low,80,synthetic,4,1.0,1.0,7,0.08039133567649764,0.2762616538983392
5.517452896464707,4.219507705176107,0.2701612903225806,0.9947869573066483,0.27288939553585795,0.9850746268656716,14.5632530243951,2.2321779187224986,6.200061617385979,12.300619140956112,248,67,0.2661290322580645,0,ambiguous_mixed,low,443,synthetic,4,1.0,1.0,7,0.056914198821020855,0.02722126303672975
3.828641396489095,2.9444389791664403,0.4,0.9720569352308909,0.39434906732709674,0.9444444444444444,12.805915699008816,3.2422030341796857,6.1223972153133355,11.28118859393505,45,18,0.3333333333333333,0,ambiguous_mixed,low,80,synthetic,4,1.0,1.0,7,0.023429394559577373,0.040977417410271826
4.890349128221754,3.9512437185814275,0.38636363636363635,0.9999635429943309,0.39115483150837654,1.0,14.18042963037125,2.436217248569801,6.510575024911339,12.011838658400524,132,51,0.38636363636363635,0,ambiguous_mixed,low,443,synthetic,4,1.0,1.0,7,0.09028224828981296,0.09254140850380686
5.0689042022202315,4.174387269895637,0.4050632911392405,0.9940365236252546,0.40503544407153347,0.984375,13.736212256643523,2.6699437098315784,6.11555088788745,11.842998829528721,158,64,0.3987341772151899,0,ambiguous_mixed,low,443,synthetic,4,1.0,1.0,7,0.09693473494756356,0.09532406572393043
4.219507705176107,2.833213344056216,0.23880597014925373,0.999724093824625,0.24315146138997457,1.0,12.95457122216387,3.2815215764187275,4.804450894648844,11.296713686058748,67,16,0.22388059701492538,0,ambiguous_mixed,low,80,synthetic,4,1.0,1.0,7,0.006688661507183596,0.006812942855059967
5.616771097666572,3.9512437185814275,0.18613138686131386,0.9973703459197399,0.19176398374441528,1.0,13.51900546255479,2.7203428971723334,4.993908647287231,11.852730751011247,274,51,0.16423357664233576,0,ambiguous_mixed,low,80,synthetic,4,1.0,1.0,7,0.016836100588059018,0.005788875137550224
5.648974238161206,4.762173934797756,0.4098939929328622,0.9963288456201553,0.4128031476208858,0.9913793103448276,14.071352495774095,2.4043505679610906,6.553415464514884,12.001488734116851,283,116,0.40636042402826855,0,ambiguous_mixed,low,443,synthetic,4,1.0,1.0,7,0.1813491854922046,0.11734668577510157
5.389071729816501,4.1588830833596715,0.2889908256880734,0.9918350757114471,0.2933271350378682,0.9841269841269841,13.54316732200758,2.7814401924127585,5.059277617497651,11.892471765998042,218,63,0.26146788990825687,0,ambiguous_mixed,low,80,synthetic,4,1.0,1.0,7,0.038017499166325394,0.025326309664213828
5.673323267171493,4.343805421853684,0.2620689655172414,0.9889854388801675,0.2638111475038595,0.9736842105263158,14.163954678749867,2.5387235767852756,6.371765910161935,11.956309405933203,290,76,0.25517241379310346,0,ambiguous_mixed,low,443,synthetic,4,1.0,1.0,7,0.04897559267093406,0.014413830516258209
4.962844630259907,4.07753744390572,0.4084507042253521,0.9999590567473707,0.41195445825805904,1.0,14.389913559539858,2.2009284600079035,6.012199867974446,12.295371487263694,142,58,0.4084507042253521,0,ambiguous_mixed,low,443,synthetic,4,1.0,1.0,7,0.12355995649127027,0.18577667707567241
4.912654885736052,4.04305126783455,0.4148148148148148,0.998849403645311,0.417644499893021,1.0,13.830693820076474,2.5039253676083995,4.517110180720448,12.18344159941319,135,56,0.37777777777777777,0,ambiguous_mixed,low,80,synthetic,4,1.0,1.0,7,0.0914132156685801,0.22272060168055685
